Altitude(m),Pressure(mPa),Acc_X,Acc_Y,Acc_Z,Gyro_X,Gyro_Y,Gyro_Z
-0.674802257302927,0,-0.07146601253853271,-0.8034680205107688,9.719955228818872,0.0007058111899419871,0.0013334966886072185,-0.00037342479710106405
-0.014198026670595429,0,-0.016898273275975987,-0.8572536648184833,87.67328607285523,-0.0004845556996046265,-0.0009290705094471476,-0.0005085271518425907
0.31633752438738194,0,0.10810134747765938,-0.8137442443563582,78.34223791663693,-0.0005268217550061746,0.0014103893827839594,-0.0005963789201268872
2.814207318430857,0,-0.02769448998663397,-0.7674107986289228,74.37746616075991,-0.0012540854012907542,-0.0009984797380608542,0.0017499827306921463
4.726694104305888,0,-0.09674185009594612,-0.7520381598993432,74.08721085693074,-0.0012379281483826494,-0.0011674699087027317,0.00030642304877581016
6.865580146835666,0,0.05978945925920683,0.010649328202692116,76.45622106592373,-0.0026824857315973036,0.0005329255776179033,-7.876114188286264e-05
11.165172391888992,0,-0.027016674658585944,-0.07083485098121658,77.23949097780527,-0.001255496120992615,0.0006192945478732994,0.0018550755415559581
13.940273805956936,0,-0.04478264370752404,-0.0129647802113581,77.9472088278771,-0.003157483235537167,-0.0002986087819355209,-0.00012258445590576615
18.725473927533002,0,-0.06216406976062904,0.012112019493959,78.65034701376194,-0.008275152596140839,-0.00028318542883155163,-0.00161688216991963
24.912766025836632,0,-0.056832662948317625,-0.09598187266124274,79.47087651771936,-0.015603542534161978,0.0013089771352249838,-0.0006905529389277987
30.116637280417656,0,0.009834725060608816,0.004398381330887151,80.1393965659867,-0.021594209370575473,0.001226820045775532,-0.0010487341335602383
37.427180379587206,0,-0.012910719757174689,0.003108265023476449,78.75156551932433,-0.02564424831161883,1.249041688669106e-06,-0.00022094409533544447
44.812794558261245,0,0.06601365781748299,-0.014894192122913777,77.28779346547682,-0.029578072131013523,-0.0013150415100230386,0.0013261153574349658
53.798185432242526,0,-0.05465850316027429,-0.04667458045753408,75.81522735185776,-0.028609076773255016,-0.0008870502794061968,-9.53548733039168e-05
61.27776698423479,0,-0.02633702572055601,0.02874490622224743,74.30359467403477,-0.02272610419242828,0.00021255069574392904,-0.0007709268909382703
71.2515256310672,0,-0.0872902944668793,0.06443631283558317,72.7301585249133,-0.012691830351297836,-0.0005095569766478316,0.0018931591324258576
81.83867448503347,0,0.03408495749974496,0.1232428619512963,72.3393517026275,-0.003527789893033188,0.0006371875488159826,-0.0001303882482366327
91.40070531915069,0,-0.002995243843546106,-0.04029449613717352,72.16555741977227,0.005213860235104767,0.0006083777577561586,0.000980941378800855
102.87495733308302,0,-0.08019866569893022,0.009927540168525732,71.81160858265783,0.005193030199147849,-0.0005255790456909403,-0.0011760595217189403
115.08542858663108,0,-0.022241434355590416,-0.07841102419097146,71.55486116177656,-0.001245851550837968,0.00020665091002615673,-0.0005920381902658951
127.43638840892173,0,0.025988735165635077,-0.06933126547346284,71.09750164644498,-0.010110126452753823,0.0009594479703446105,-0.0001793048403839064
140.4873073133215,0,0.06328738319216844,-0.03322599390775963,70.413547127943,-0.01823122403373532,0.0011035852515221174,0.0007792528198584985
154.840517488047,0,0.007913331308673204,0.005277543878909054,69.47734316705105,-0.01711341708924704,-0.0007146235019609065,0.001253398186148615
168.88372603567478,0,0.039191341089624264,0.009919120726469666,68.69816448417379,-0.01291032545368656,-0.00021405059449998028,0.0011075852947491096
184.89378005786793,0,0.011993732521536168,-0.04392953036433586,67.82632853431173,-0.0046386681490426605,-0.0011682333279791845,-5.806067150829126e-05
199.6177588250314,0,0.06080293066337142,0.02228995870659254,66.89224294600112,0.003094506923778246,-0.002077577747648125,0.0017059108347270782
215.73781060254126,0,-0.05283864647111067,-0.07956310365775118,65.45382541884356,-0.00044632245961671657,-0.0006162151225596345,-0.00011779597788933498
230.92446402393213,0,-0.07498752973836986,-0.09780279088453742,64.05308574601847,-0.010395577596769304,0.0013144519366145608,0.0018111945580611588
248.54757405334183,0,-0.03701253859446958,0.0033757703490117346,62.44242383101476,-0.012938040381754478,0.00040427730954898365,-0.0010406362357126067
268.0592653064439,0,-0.02345585821728231,0.1358554760842036,61.080086654873945,-0.008991539808152057,-0.0003933997972034744,0.0006151319751676502
286.00041356687996,0,-0.112920370036511,0.03648221021453871,59.53704707415364,-0.00404456604739344,-0.00018707348233705723,0.0008860066293660703
304.3348813743916,0,-0.05246495786114892,0.02435111381909274,58.75007778855769,0.0006703551154189705,-0.0020046816576539117,-0.00014565592766066404
322.399962590335,0,-0.0015523660141632742,-0.05757907197463844,58.11831949049067,-0.0045487556725269124,-0.0013586799675726054,-0.001491538683137966
343.15998461286154,0,0.0011892982898241353,-0.02026521463083584,55.97857215683975,-0.009922258589496715,0.0005600666093343504,0.0009094429824238349
362.9207748336231,0,0.014604141300025922,0.05374339629934279,52.05122374624689,-0.010157031124438299,0.0018524848342759876,0.0005974322665518384
383.4810073815922,0,-0.012938645801912207,0.028824030803162377,48.33549518727237,-0.004668616170239963,-0.000608287872519145,0.00014964196431467523
403.803211176501,0,-0.05649705781323915,-0.009986000048754036,43.640929678973,-0.0010259597015769,0.0014757789017269519,-0.0006993722839788932
426.0109176965404,0,-0.009020986145108451,-0.06827750049580164,38.92538663645887,-0.005253456965231513,-0.0002786884691016927,0.00036214910701869407
447.02397767107226,0,0.02144146481989914,0.019495930509430406,36.33586685442732,-0.009572474757003435,0.001713243077494901,0.00101392289010738
468.9166817152667,0,0.03805244877547993,-0.02840360602550732,35.2481365656991,-0.007893284945304302,0.0006062631650817718,-0.0012715575033057638
490.3223966684377,0,-0.04253099328952108,-0.008716911310885457,34.03989275500083,-0.004147200774093467,-0.000239296054263555,0.0014762502712601581
513.6349510940457,0,-0.03155675839295066,-0.11123323753407183,29.113328095891575,-0.001867834552299536,-0.0011199087245367294,0.0009906965083501407
536.031309153711,0,0.02579815826237479,-0.05182296511676312,24.011207887130695,-0.008049087978832635,-0.0003146994794687115,0.0009804484590390967
557.6194663955542,0,0.03970968733137633,0.07253701679224683,20.301945565118633,-0.006988505865674818,-0.0017293770872415866,0.001066530319553435
580.7865668687372,0,-0.09537966302272854,0.03127613922414754,17.973184008746287,-0.0048834977789475875,-0.0008124244274884711,6.58650514944906e-05
604.786102148981,0,-0.041031039671673125,0.08860076941517385,15.585213509747062,-0.00438066729345022,-0.0007462041883260926,9.402685708853849e-05
626.8477751254476,0,-0.0017890591059533285,-0.07953818285601055,14.336815351918137,-0.0035730038847872547,0.001322697459211855,0.0008548765283320993
649.2583967688548,0,-0.13013660567702698,0.009574034004418202,13.114429646392992,-0.005467314927374654,-3.986667717682671e-05,0.00043237676639015397
672.1517384369564,0,-0.0395303628149849,0.0015494987837197539,11.499722932702303,-0.006231071274424131,-0.0018350919740391528,0.0008391911535276115
695.3564482197736,0,-0.1443224911571612,-0.07173879499761412,9.552870224833514,-0.005514793947306092,-0.0018481572042324047,-0.0004383059095355659
718.968791455972,0,-0.06268706612379056,-0.028474882192287006,7.6157341795919695,-0.004330108239516324,-0.00015692239243735072,-0.0018775696709240643
741.4071192464163,0,-0.031490397570253265,0.03957645646947114,5.769823019325534,-0.00484345206799093,0.001720373761284306,-0.0014119086763966142
763.6531962558031,0,-0.01910981908594138,-0.08270640527088556,3.9108120551395507,-0.006235785083755869,0.0008995323634567397,-0.00018388734788448674
786.4394340462089,0,0.03812671668336342,0.042572039196915226,2.0683092641070124,-0.003747725522959382,0.0011936613456122924,-6.421452163050336e-05
809.9500686291069,0,-0.014841938807151176,0.015084793314582387,0.24957284928595252,-0.002709286119076137,0.0008020403207277691,0.0004660086390933428
832.3264980538029,0,-0.02270819390516002,-0.054375684741650526,-1.4462842241853844,-0.0058758305372359435,7.592502243146194e-05,0.0017266618753417674
855.962994104658,0,0.00493881929510177,0.052725052400650695,-2.012141735940232,-0.007402527112316338,-0.0018877735570556147,0.0003910814726747458
876.9730619933576,0,-0.021885675930232204,-0.03540042567265943,-2.524865135222259,-0.00648306747059364,0.0001043974198297219,0.0013084571462814896
899.353782282942,0,-0.025001093084492984,0.028192162782396692,-3.2019268660192584,-0.00392482713687809,-0.00017786092028528286,-0.000861833579049945
922.8721673538173,0,-0.03465292696979293,0.04231419990811136,-3.4453127876463348,-0.0038515727149827455,-0.00028447789483695746,-0.001299479056336668
944.4574668034484,0,0.004020733907912768,0.02087599886742618,-4.023090926594137,-0.006170063628568676,-0.0005998063353674827,0.0005746054061095488
966.3194818225196,0,0.044602573492328976,-0.029444416923985743,-4.053686689546408,-0.005528252671679621,-4.0877189107907226e-05,0.0008947393524314525
987.2030304799147,0,0.012085550504170758,0.028768767069681126,-4.303704531131868,-0.007006259180262447,-0.0016121165570789813,0.0008511086619642104
1009.2107223152766,0,-0.01402610376297599,-0.09476732828612901,-4.401043179037826,-0.005777724813212964,-0.0025319870913727022,-0.0005863352874530479
1031.4052097684828,0,0.05176568844779793,0.0032663815786579935,-4.601921276720739,-0.003978345106770983,-0.000836192817608026,0.0010828773116518932
1052.0906608576356,0,-0.06564774207716448,0.047576289757331414,-4.650766355724488,-0.006178842541531313,0.0007848706326132385,-0.0003148504587174828
1074.0071512494499,0,-0.007279448696788381,0.032942690545393886,-4.630528935750795,-0.00629622354452804,-0.0011860580713425495,1.716155509617788e-05
1094.778498193873,0,-0.03200384697848857,-0.08190491576663053,-4.557095428008819,-0.0075457654163609555,-0.0005472919979978989,-0.0004896672729110337
1115.4173371382592,0,0.02844182927821892,-0.040183705095167666,-4.479756102536462,-0.006092003342407129,-6.966332869567235e-05,0.0004472127627323171
1135.958956481582,0,0.008351041451005708,-0.007292666795889869,-4.411125054706308,-0.0034409143500452894,0.000783640518317065,0.001094291335945286
1157.2893737906722,0,-0.028105902843401066,-0.03253272253224816,-4.438985986428883,-0.006676391230141094,0.0007242909224437751,-0.00030500731047375677
1177.7466365675702,0,-0.050662049126544685,-0.10604094137485448,-4.166274931179481,-0.007875448180283,0.0001780288685082375,-5.296053644482073e-05
1197.708993775708,0,-0.034562754157631465,-0.0359805339097334,-4.195387486466634,-0.005454579774939848,0.0006965019622704067,-0.0001646590864514522
1217.9124103299948,0,-0.05644234102508154,0.004076697909049821,-4.113068796113062,-0.004931828685284093,0.0017319455294633986,-2.7820766637608717e-05
1237.6458613419422,0,-0.07018840106527649,-0.01722227908458728,-4.116911477987868,-0.0046665933435646794,0.00034425208775896673,0.0017086354732079496
1258.5626067826045,0,-0.04769393773998732,-0.08245165899705342,-4.0409958972720865,-0.007420852078086001,-0.0009223883610055363,-0.0006535345745704116
1277.0801001682098,0,0.0007830333914169846,-0.033529507061333,-3.994022642693019,-0.006860305308252068,-0.0002609152780782772,0.0013880536953060076
1296.514228029798,0,-0.03617654650115475,-0.03334356342693843,-3.9595269698169973,-0.007315673283200333,0.0017634057618117643,-0.0024259126047235457
1316.342309328022,0,0.011229631908414209,0.019124209168117107,-3.8060587123888405,-0.00528410252952553,-0.0006603035470173845,0.0003450025423152137
1336.000765862086,0,-0.018751667891381326,0.03790298189957442,-3.8252431334956856,-0.006141551680957666,-0.001054498294382003,0.0007556022153355354
1355.813788454373,0,0.016848846067073438,-0.034450336276655974,-3.6754456522284538,-0.0055340603750925815,0.0015785599720701687,-0.0010881795255652572
1374.4809092573223,0,-0.010596262432099863,-0.07177687380632944,-3.66763048297986,-0.006038999716619047,0.0009380734351844291,0.00024796088974931516
1393.135427032197,0,-0.09122510860588949,-0.05008304126430767,-3.4657328354583377,-0.008362470146648246,0.0012925006467232386,0.002785703000160381
1412.0292479814573,0,0.006202283726055816,-0.003842065891692149,-3.5082719395129764,-0.006940808186266236,0.00039976531732650845,-0.0022552780102325543
1431.2404262388716,0,0.02839144405567427,-0.0721304723935286,-3.403628938474081,-0.006834955879792719,-0.0009149646506366634,3.133608024767733e-05
1449.4563162799718,0,-0.00899641446611134,0.018205168505156372,-3.5336296910484606,-0.006260616303158422,0.00017849920631804957,0.0006712877927865802
1469.384545419759,0,0.048448530582444936,0.07753494714230165,-3.4417305905413818,-0.007832683220534232,-0.00035233818168054875,-0.0008283482257661704
1485.9142400331746,0,-0.011701310904033632,-0.04018728948457412,-3.284270604627496,-0.0082382838633218,0.001137953478102047,-0.0016172728007588814
1503.3587609125059,0,-0.10132297450351971,0.04922477513298484,-3.2570303814160484,-0.008153697585362902,-0.0007913473718702256,0.00159044580385064
1523.5488556263858,0,-0.06301594179104186,-0.015373874509657477,-3.2403773425970472,-0.006854423298090176,0.0018955770979498239,-0.00010659721798034141
1540.0780251878132,0,0.08638034344724327,-0.1463032238677097,-3.2157352715060137,-0.007115919015436328,0.0016364440459329388,0.0014145678016498475
1557.7449488390148,0,0.007430805411829149,0.031227018967300603,-3.030765356521906,-0.007883753622481572,0.00013719804105321567,-0.0019484832359008449
1575.1408232313108,0,-0.017692517520377954,-0.05048416995118807,-3.106348679213301,-0.008368249325912782,0.0007348105287609961,-0.00017481338067655577
1592.759203380275,0,-0.04186567409865926,0.10434667195964854,-3.0289219401848833,-0.009736635368154679,-0.0008631961948832886,0.0010845594672296316
1610.784206868117,0,-0.07910047349901721,0.11295902121480694,-3.0233181428983014,-0.0073048171748543635,0.0007069788521704367,-0.0012842090088079454
1627.7833550238377,0,0.03241258475443484,0.020226057817811907,-3.0622288040283583,-0.007935827173640223,-0.0008240156456567212,0.0011203786968060272
1645.209215386017,0,-0.08964059998324647,0.0007687888388224874,-2.874297736073656,-0.008102943040887786,0.001295036708261732,0.0014841034694425183
1662.73577848477,0,0.034256862045939154,0.012082854441344253,-2.8304019372899343,-0.009172497744296262,-0.00020845427588343733,-5.431377212225813e-05
1679.1547735760078,0,0.015287027117395855,0.035265520119236775,-2.7460175183566196,-0.009286771025183837,-0.0004887928851476196,-0.001335538300504986
1695.4703617616562,0,-0.01776911175037163,0.012220772987234011,-2.803140853381988,-0.007940494758388886,0.0005529398783778521,-0.0011291310685553398
1712.0888042664565,0,-0.018629553183499098,0.015237646536230089,-2.609584294225475,-0.010872428769483815,-0.0017579198794873496,-0.00043359599970158096
1728.5006888588412,0,-0.11949484241319444,-0.043547400492961984,-2.693533290936227,-0.009452122108971147,-0.0002363458096472505,0.0011628167047872348
1745.8936744241905,0,-0.08660956202169762,-0.020265372655894516,-2.597435304991269,-0.009500414523655685,0.0016847490423661318,-0.0009616231627901638
1761.3265524737776,0,0.03096271678724133,-0.066536667381703,-2.5983101593887903,-0.008682947199414964,-0.001340710912317349,-0.0013048787552356032
1777.5718460384517,0,0.009075062428093588,-0.015502416789461107,-2.5634232842788314,-0.009848120174526614,-0.0016041202444772985,0.0007426079508665896
1793.7502753867495,0,0.016386186391876837,0.06642291283650344,-2.5000328787882857,-0.010003872069820684,-0.0012087620928215412,-0.000965333822971495
1809.8034912595324,0,-0.13429229408548027,-0.0013863626159527683,-2.4248755457457043,-0.011437522209255107,0.0014972848550722472,-0.0006653571529978234
1825.5607630801392,0,-0.030342435187055414,-0.007418723609587222,-2.3664330261885356,-0.009630458992515068,0.0005284367254356054,-0.0009736056020232412
1841.2653439337532,0,-0.0868976326946219,0.029804516493101164,-2.3417716111726374,-0.010812580457937985,3.495807051703194e-05,0.0009384632151667559
1857.2142747825956,0,0.03158967355850017,0.015679356223877654,-2.276203846617694,-0.01037849484496362,0.0002751953228577284,0.00012371976162991248
1871.7790804518672,0,0.023782104269259162,0.022143259236750108,-2.3358759859393743,-0.010045648435553651,0.0007129404349784782,9.298360844118967e-05
1887.6359646298658,0,0.007268790887683918,0.005739093195709196,-2.2669408542945932,-0.010313441181534735,0.0009340635953148975,-0.0003265131856158242
1901.5611593726921,0,-0.027151627661416194,0.03486903964583732,-2.1543574849498826,-0.010368276516930524,0.0007774136430927416,-0.0023396476929852567
1917.7693519960883,0,0.013720629178005433,0.06036080015506282,-2.1156593500264447,-0.010280737767468365,-0.00013956800983222175,0.0010992495502879056
1932.205062337604,0,-0.07204935839669761,-0.08275610716615243,-2.1919487826038297,-0.011844025231657283,-0.001864134168057013,0.0010204681131080965
1946.7532708376461,0,-0.06187488508911958,0.003196455481348592,-2.285381920341391,-0.011451340467049523,0.0007270046123864473,-0.0001820640475458531
1961.4848862462661,0,-0.0653724849181142,-0.05084496470251048,-2.159563891425813,-0.011005384285365644,0.0011576368237409115,-0.00018114348161273085
1976.494978556348,0,-0.06414386129025122,0.0010283493545316762,-1.9125650632771074,-0.011680029750231424,-0.0005009266015987206,0.00034562705661766497
1991.4209088393077,0,-0.0069693091636048666,0.014293014850429699,-2.1224771211472775,-0.010743571450505926,-0.0010657169151066974,0.0014466864074955661
2003.9738468550436,0,-0.039843512561660605,0.07970952765513035,-1.9683403390855747,-0.01141540967445958,0.001830688723846749,0.00021169918533388914
2020.8764258437045,0,-0.04378769191937987,-0.09478545469293753,-1.9389815858356472,-0.011334547332201506,0.0012991391538746363,-0.0005368826314441597
2034.7315119729572,0,-0.024780860199154736,0.03462866160845544,-1.8508023038470915,-0.011603083795480187,-0.0009596074666577037,-0.000907596833545929
2047.0821699259207,0,0.027815822562333094,0.022331071279149968,-1.8846443787349925,-0.01185175402636384,-7.176264718057528e-05,-0.001492379771024253
2062.247961800422,0,0.01649154499336517,-0.060711426761225186,-1.8019372926254071,-0.012979033601374831,-0.0010166486646974353,-0.0021081371605799408
2075.68013373825,0,-0.10273096692181832,0.01703826241437978,-1.7608660777373926,-0.012465760673788405,-0.0017569129313773466,0.00156985994163909
2089.1999849001213,0,-0.019751175277817293,0.037574489581528606,-1.655781767108366,-0.013274918247164893,-0.001519320457610032,-0.000245650739789891
2102.212645516097,0,0.008304530979643517,0.007476967089587239,-1.7712467121995261,-0.014395497811970399,0.00014663541841315465,-0.0002614479032693497
2116.7351047924512,0,0.10328785388906092,0.03944572774176658,-1.5990615125656902,-0.012513219157325037,-0.0012364759490349785,0.00010164990879603951
2129.076461160788,0,0.007903240848439429,-0.049399571521325576,-1.6257732237588391,-0.01323902912457017,0.00114944444669609,0.0014256912052352177
2142.9875698572505,0,-0.05602305593765068,0.08368867880945911,-1.5955172376562037,-0.013655862435343443,-0.0013446920079599194,0.0008512687060410186
2155.239709701389,0,-0.06195925158267622,0.011962091230598581,-1.595969930499858,-0.014076783074654105,0.0002335202136101586,0.0012412827753261538
2169.192969732131,0,-0.06485151769718682,-0.07296691570217584,-1.6397530578099173,-0.015336270662486915,-0.0006163781647567433,1.0147713314850195e-05
2181.6283008930236,0,0.0519966167942983,0.042737903446560914,-1.536528694060348,-0.01519941800411915,-0.0005403240065993157,0.001855528334850419
2194.5616304555892,0,0.00901746561901772,-6.453073949767678e-05,-1.4591632323387822,-0.013760602710322188,0.00029344420215771853,-0.0007821034755879546
2205.5652929296602,0,0.01277886590628501,0.005296715002017299,-1.4230593890994963,-0.017168990792288705,0.0002889864347819309,-6.606746635395193e-05
2219.4873291664276,0,-0.13019400927098854,-0.019633774992754555,-1.4654164272457322,-0.01510573066389909,0.001785545730565176,0.0004339101280224629
2231.4446439489993,0,-0.02476349325618202,-0.014371958863667354,-1.5180947080684524,-0.014404015546484236,0.0004342515873841051,0.00042432125230625447
2244.0033056459547,0,-0.006968338803815254,0.03414200188991356,-1.2910323442413114,-0.015779689319746205,-0.00133436759309848,-0.0009942603583504258
2256.046832134952,0,-0.06874843622962563,0.05334162035483093,-1.3972827645311707,-0.015728366088860326,0.0014125777421932087,-0.00018562217925286955
2268.2435521661955,0,0.02509830470467731,-0.030540720157901394,-1.3729307735756933,-0.017511211212364843,-0.0018040844360881418,-0.00032200761103135894
2280.4140236922276,0,0.04849033718500829,0.012531822357323273,-1.39298631403634,-0.016970003906185784,0.0003508011609716428,0.0006416193621469166
2292.7950878806114,0,0.019348560015583334,0.0031875426673184225,-1.2881159577761294,-0.015125551564689739,0.0013481197638939083,-0.0005285839180870641
2304.8873456688584,0,0.06392032603778733,-0.030070074967122502,-1.2590528243657149,-0.015183838650985704,-0.0006022154024018113,-0.001875104020666465
2315.7392946418777,0,-0.012977174032415068,0.046168827698660174,-1.2348241777204683,-0.015113957138305328,-0.0005720232032021097,0.0005010483059564757
2325.961742070385,0,-0.005724383289668852,-0.02124406158426933,-1.177248365240883,-0.01706125235009817,-0.0005332064788349637,0.001140665118895268
2337.9287505846087,0,-0.06549467106817716,-0.00650573017273687,-1.256013045163552,-0.019917886028764358,-0.0004628860142476505,-0.0007047954142633134
2350.77793907689,0,0.015251476101244221,-0.08446411446505087,-1.1514566487774351,-0.017388569870142593,-0.0008512537032847204,0.00045879836449214416
2359.9476152518764,0,-0.04529498453475401,-0.06832316129382576,-1.1179265049443718,-0.01685744778514568,-0.001592487178742793,-0.00029989629168175613
2372.12816045852,0,-0.020637148781862596,-0.03779335783659022,-1.1180695698136187,-0.01894234336912287,-0.00047001308273720687,-0.0003654696549332091
2383.0665377139253,0,-0.0687240430293808,0.07005861104260089,-1.203569115018861,-0.018806154483022537,-0.001587035343027955,0.0002710675171058707
2393.494342106453,0,-0.019808019075316666,-0.06596992214739603,-1.0567997998013245,-0.018008181797025034,0.0010605934944479035,0.0001936970516030689
2404.6183532107484,0,0.005272635871405406,0.0022990059403276506,-1.0177911381669311,-0.019647822181622747,-0.0011893088343541477,-0.0007455204343977655
2414.8746925484097,0,-0.11356876304184498,-0.002568088900717672,-1.0482244859326662,-0.019281628361503444,-1.631243438462033e-05,-0.0004445494891493715
2425.1782075148803,0,-0.0010127577045760828,-0.09304574890584985,-1.0441899912070833,-0.02062168946618856,-0.0005558985668597939,-0.001483889475937369
2434.0754480939254,0,-0.015668458065063187,-0.018816672500082055,-1.0680210371301015,-0.020290921436602858,0.0016568307222244974,-0.001479169335187911
2446.6090489202825,0,0.03676666981895803,-0.0037924102031045214,-1.073308650400926,-0.020699116783907994,-0.0020554255715909144,0.00042494196494143293
2457.005794034344,0,-0.01964744348874076,-0.02806023779288853,-0.8995655932371692,-0.020961731856014677,0.0002184968961457751,0.001608498080302274
2465.827819142712,0,-0.0995403307214072,-0.014150479642628878,-0.8918291109377531,-0.021112893355710458,-0.0012690887675724737,-0.0013991720178594233
2477.072702477774,0,-0.022021823799516664,0.013476569390302093,-0.8891094124246003,-0.021788639805135183,-0.00044497970122462174,-0.000683681900042449
2485.7280212692717,0,0.07288225954612361,-0.0032647405050567815,-0.9383680379329784,-0.020505258617991455,0.0007836893394586708,-0.0009749493602451031
2495.66123944451,0,-0.08113187734141823,0.03516561537498588,-0.9086218690028369,-0.022795236490811003,0.0006434836615652938,0.0015385868792866693
2505.979813205251,0,0.038029916316046956,0.020880670012482363,-0.8109084200749654,-0.023534213385492737,0.0011412280854175398,-0.0002762335661059892
2514.2676694417096,0,-0.04090587250076262,0.015276983416743122,-0.8158794564349486,-0.022722718495589867,-0.0002906929290332178,0.000200297135853816
2524.3611159655757,0,0.039094868750913635,-0.011371476055570618,-0.8823315730955251,-0.0262258899360071,-0.0006483259940801958,0.0009115333097866262
2533.974587600452,0,-0.03217817372336031,0.013960647864688869,-0.8320822270811628,-0.02469449726984508,0.00019470413423563929,-0.0015752878831695346
2543.863826553771,0,-0.016969862253961465,0.021296757234305186,-0.7016592844725392,-0.025042450902333747,-0.0007218662688511961,-0.0015486947040963832
2552.099875251192,0,-0.042988304993759476,0.052053128527299715,-0.7235941358543743,-0.02721826148922994,0.0005763635602912117,-1.707737075972646e-05
2561.22897624686,0,0.034979786452736646,-0.00735619683690562,-0.6753062347673534,-0.02589338668639583,-0.00020781771134518862,-6.036783301070603e-05
2570.517381572932,0,0.018678828572389915,-0.07452216665803973,-0.7639927945628018,-0.027548652644750437,-0.00029241091530299177,-0.0006147786466104839
2578.790369563647,0,0.04711849044693639,-0.07554157192952039,-0.7701133558657433,-0.028017602880723275,0.0008568758263113438,-0.0004719408893475608
2588.402385193892,0,-0.11425537107739908,0.061687911592840344,-0.6265970611676455,-0.0302041197190479,-0.0009314029729752138,-0.0015519042943224054
2597.283932383212,0,-0.06663793333432841,-0.15857145203804346,-0.6914084852714726,-0.029125462991530474,0.0001668069645798642,0.0011038549189323142
2605.6877963939232,0,0.047475509721364266,-0.004982876983324093,-0.6584312056364557,-0.030983241732819626,-0.00212500583371826,0.0021273040705976306
2613.825890338122,0,0.03197964868803596,-0.05591092033602391,-0.6798011571261221,-0.03219410538846197,-0.0009688811515321709,-0.0020861964837201588
2622.01408250071,0,-0.030907640476266002,0.022102638399832935,-0.7443643899334662,-0.03197107823536286,-0.0014740238527960322,5.4455206787787e-05
2630.715991639325,0,0.04178631391798421,-0.028063992584950584,-0.6058038788182044,-0.031230430342123826,-0.00031802419315886935,-0.0008127790026314073
2637.6848515719194,0,0.08818064313972597,-0.007630295215173631,-0.6548267907239599,-0.03274402762315532,-0.00037894202282174276,-8.483540057984718e-05
2646.672068327728,0,-0.07004083565413667,-0.013564249852539937,-0.6212797468470699,-0.03358667076130552,-0.00131353582142874,-0.0014687822530910614
2654.488091046707,0,0.01572482254654515,0.045934424821268985,-0.5062969129168355,-0.034032824981158914,-0.0011313035689158471,0.0011581562283074615
2663.1562534587697,0,-0.06558454210531059,0.03070793723100001,-0.5521395136730928,-0.03514919135114496,-0.0006212837082336259,-0.00017877572060588214
2670.0175200316535,0,-0.06471379075597695,-0.0031579095394064366,-0.5519383965111896,-0.036137455498010396,-8.637262579033901e-05,-0.0002871366300541736
2676.2596134738665,0,0.004105736637881841,-0.021232959537765765,-0.5622746125770339,-0.03621085669157861,-0.0006463388960426743,0.00024069993489426016
2685.9146600029435,0,-0.02863735903707708,0.07887961396211104,-0.5000415548595889,-0.037420480948639354,-0.00035802508583749877,0.000856598225108536
2692.763677996655,0,-0.01959341032432707,-0.04520126637819994,-0.5886384521088319,-0.038465663728678254,0.000995527558576766,-0.0012743784888756466
2699.3793670511677,0,-0.14854757137948302,-0.05534388539494168,-0.39853274375085995,-0.03977985477430824,-0.0004947610661180412,0.0022040258358243517
2707.0273545942705,0,-0.026831162557984227,0.03715031390363225,-0.45372158903986753,-0.039158304166169264,-0.00034266017383385936,-0.0010345784453561712
2713.5564856434767,0,0.0060058761597490745,0.02102084657699698,-0.4278035063530772,-0.04296870917907828,-0.0005475641827241164,7.565678823937095e-05
2720.0394772435952,0,0.08878661459271563,0.04905510847500438,-0.5305019107910225,-0.041883954835903396,-0.001862764886502191,-0.0011111599784779747
2727.174792264323,0,0.03378636053273425,0.0868286627692481,-0.40908964340012616,-0.04580810023718641,-0.000924476691585747,0.0019304592862543623
2733.959750418084,0,-0.06558487036750968,0.03740251341188772,-0.4502815891596009,-0.044628069516396765,-0.002581920905376464,-0.0001763425789398676
2740.904725208623,0,-0.029409336991944236,0.012119987598748199,-0.3795778053704892,-0.047569026760796565,0.001175657532899048,-0.0006489501642174891
2747.2560816008217,0,0.007987191989204022,-0.048302857926452884,-0.3881381966130463,-0.048161766375716716,-0.0004261313994654921,-0.00046023373178682265
2753.412177973778,0,0.08218375220345134,-0.00572602139607712,-0.39892382766822315,-0.048396283956857265,-0.0003412092381636269,0.0009888205715405899
2760.0001045981085,0,-0.08112015567642043,-0.03925017941116257,-0.3630423889083454,-0.05245269895179118,-0.0018915419760222691,-0.00010828960410813395
2766.4738453248524,0,-0.02485825494900091,-0.02915414733479397,-0.38282183730186015,-0.04864913939735336,-0.0014593091745556258,0.0005593929151983456
2771.9353983679566,0,0.05672416494880084,-0.02113227270089099,-0.44266183982311486,-0.05197968755886944,-0.0022664660607279296,0.001447015814352633
2779.421005752817,0,-0.09624413436450616,-0.022448094745433286,-0.35678201013030497,-0.05551961352872668,-0.0006160676855083403,-0.0010274292484958151
2785.427926044802,0,0.06530423782513309,0.013598208618349768,-0.35428867895995086,-0.055684589650713885,-0.0005913445475901933,-0.0002711414992298541
2790.94911188355,0,-0.05118789442053437,-0.05990383708666608,-0.46757452572715563,-0.05680196101202355,-0.0014335330548594478,-0.0015857327500211802
2795.9134355551064,0,0.041855238201332606,-0.0780623906744348,-0.3332013511263995,-0.058695679835094564,-0.0016055640172630186,0.0009488441464961593
2802.2058762500687,0,0.002889125383618098,-0.0939275190084239,-0.29728595727665946,-0.05975650705743009,-0.00041872694273249267,0.0004228993693940633
2808.233321057865,0,-0.08609745243171989,0.047327016550397366,-0.29910802661347424,-0.06227146784659686,0.0005483374273778161,0.00027963173685181385
2812.3321895747495,0,-0.018674586800611785,-0.042091156912800326,-0.2842175106063277,-0.06396665520688205,0.0004071122253042036,-0.0005349368369865837
2818.6346733434725,0,0.028641122767277382,-0.01186978617801103,-0.20452187209786726,-0.06616230914424992,-0.0005811947135202563,0.00018611206007584146
2823.7190976744955,0,0.07578235218714692,-0.04870851745152824,-0.193386005093944,-0.06833400924317952,-0.0012076013707542424,-0.0005686192661584424
2828.2921499382796,0,-0.03797352990704294,0.030422406763554358,-0.2533044870711068,-0.07086601149679905,-0.002661994523688204,0.0008480610614305089
2832.9425220655307,0,-0.07132857965476175,-0.05081895069662673,-0.20098314034058293,-0.07200300548146414,0.00040278998495613203,0.0009308823179942803
2838.4205300428534,0,0.049177092079917904,-0.022518165817591296,-0.29856887822253525,-0.07580256077175396,-0.0005612745289054987,-0.002274457353812577
2843.490460395478,0,0.041205278748119877,0.015855750771336975,-0.23382749346680076,-0.07866472788219385,-0.0001751437293906617,-0.00138499122350612
2848.2989784349925,0,-0.025144634857628485,-0.11375411011864624,-0.26215539440099295,-0.08015167519147497,0.0006689896877710199,0.00026207654536516213
2852.2871821628737,0,-0.022072311703152162,-0.056171168865870126,-0.23055668542308708,-0.08325793574705573,-0.0028559928367975747,-2.601883020475328e-06
2856.8887333112775,0,0.009747545122893877,-0.04577387043992568,-0.24793188851704093,-0.08566207831122541,-0.0016020375216782303,0.00039962514956784327
2862.1661005053334,0,-0.01916990042156244,-0.03734878877912749,-0.15625027628281213,-0.08717488826647982,-0.0016901168213671858,0.000893782265842294
2866.829405111088,0,-0.016186003681094886,-0.056384392340767066,-0.1800653320475777,-0.09032669376818585,-0.0022584589968556107,0.001583003923263032
2869.830783012038,0,0.05221767313643235,0.04174897265936933,-0.24077257611798747,-0.09311969404414581,-0.001458383355973449,-0.0002817185204973196
2874.2752289746486,0,0.0655250426815869,-0.04957185943158543,-0.1638813704833568,-0.09646320762019724,-0.0029379243758022064,-0.00022332727113554565
2878.586516491001,0,-0.028828688463957163,-0.10207849470122651,-0.23424715112173616,-0.09997693283597177,-0.001171899857455391,-0.00017020920759091302
2882.016425032565,0,0.06626189562983666,-0.0666701543550323,-0.1005061232428574,-0.1028166830700953,0.0007460891099381061,-0.0014026659365627035
2886.979080352088,0,0.043423944121014024,-0.0446313185424712,-0.19417551508929828,-0.10655312104628116,-0.001043854285708909,-0.0020687064342233947
2891.2032437492544,0,-0.019688951415120073,-0.0897282854851223,-0.17342476197097456,-0.11187181152709914,-0.002745736086414932,0.0002282621449848696
2893.579479633597,0,-0.02357850551617222,-0.05046464329306694,-0.14433471647626048,-0.11469225528678738,-0.0017398965287738332,-0.0007035571958806204
2896.8531727186255,0,0.05683549616729357,-0.03314946696106943,-0.10504840577346758,-0.11876408168231896,-0.0013205384794112802,-5.400666460953137e-05
2900.3229240154883,0,-0.03099249073963292,0.017859637587715214,-0.06734202378530811,-0.12324249944785876,-0.0018733507639676701,0.002916521095231956
2903.607610075208,0,-0.09941527397900779,-0.10903501333352685,-0.22222695585267238,-0.1280257894045493,-0.0003918197646250929,-0.0005928802755333924
2907.791359435835,0,0.0685842835817056,-0.07973477520857764,-0.193171873344345,-0.13227315902703882,-0.002553964578402103,-0.001414621992470961
2910.619929909759,0,0.06504406275270982,-0.07557076239193734,-0.028527686919186668,-0.1382368819189483,-0.00037810847228382733,0.001126427375754329
2913.404553725206,0,0.01955318635584237,-0.1086001919362178,-0.05095608976108143,-0.14212177124490857,-0.001636637396851069,0.0026176317892827017
2916.289077692577,0,-0.006894370851190662,-0.07327460110850594,-0.02802205562571977,-0.14638415352963458,-0.0022622634830433935,0.0012675279080933248
2919.3917853357907,0,-0.028183594950707,-0.08058621409864944,-0.05637860193707887,-0.15322548909673084,-0.0010133405885321576,0.0004666085677378163
2921.902839974041,0,0.02561629927563941,-0.0924765405029187,-0.04850583475736309,-0.1599866148738278,-0.0014808057168617969,0.00019153650850685955
2924.2095925285666,0,-0.0197914520986989,-0.07872228249728892,-0.06830744768359877,-0.16601250116029473,-0.0031445438451907634,0.00040374108299971306
2926.569361393966,0,0.06443132810230591,-0.14108639197564987,-0.10340230167491923,-0.1717323769125239,-0.0024450104862980206,0.0010143567729413788
2930.2106544250305,0,0.06163938227697528,-0.060606668469261896,-0.05639417226636513,-0.17714373527350552,-0.0023621505764237797,-5.935260073050515e-05
2931.6281104347686,0,-0.011768218882134827,-0.023992887767524868,-0.03104719834927741,-0.1850601145167657,-0.002420542838709278,-4.30051379955974e-05
2934.273632253327,0,-0.013543958308097914,-0.13474232445037918,0.010987044221485873,-0.19163167742950082,-0.001585530334982128,-0.0009870563659117905
2936.611979628855,0,0.11959086338636415,-0.10663531909388128,-0.028859828110283148,-0.1988372755228163,-0.003615093824935866,-0.00011324449701985831
2938.5730683480037,0,-0.04465733137932486,-0.04610860973662702,-0.08622405945486207,-0.20694202854979407,-0.0019495883708575074,0.0017603812841193187
2939.698886648074,0,-0.040138570952522344,-0.0333711827902972,-0.13522484212342464,-0.21448518419201204,-0.0018890365534172285,0.001662190685406727
2941.8188950159715,0,0.018908023546201577,-0.08384098145538696,-0.005885532106468375,-0.22342581619737226,-0.004709627822539709,0.0005984262234079151
2943.846075679044,0,-0.09331495912365183,-0.013778829069190965,-0.0423033817578508,-0.23201428106533153,-0.0020966447095057622,0.000324698200257748
2946.202309672994,0,0.03251089256026094,-0.14029296124087998,-0.015532414699211461,-0.24053249613717628,-0.001862443200216272,-0.0005099526919008421
2947.269775993449,0,0.012553197758843249,-0.1385113030685297,-0.025090435868754396,-0.25067389794847716,-0.004665940136489955,-0.0011938302012140278
2948.7799030973797,0,0.024814846120686795,-0.11900684437613336,-0.06429023170311113,-0.25985754326618304,-0.0025108002564505237,0.0004130297436926105
2949.884287728615,0,-0.05454055656319204,-0.21304657666916277,-0.12950355276922393,-0.26913602551951055,-0.004133819486658014,-0.00010718396888065652
2951.3607652698943,0,0.044821873993010554,-0.0946717616940119,-0.08128373016398,-0.28059830718927603,-0.0033807793626399597,-0.000620607496599812
2953.208280160526,0,-0.012022642298629488,-0.14563747120113296,-0.011719671301892873,-0.2906134448025045,-0.003954752343774945,0.0008617897554392391
2953.8221260261953,0,-0.0695191949028526,-0.09152649061576387,-0.08467138231416917,-0.30136956848010654,-0.002381482345891913,0.0015615762381921397
2955.546805960338,0,-0.05901905252258704,-0.007571987900270208,-0.03238964963269343,-0.313572415125379,-0.0038736302491427185,-0.0015937226207228458
2955.53435324972,0,-0.04932001783109315,-0.10954807050418724,-0.022791719752522845,-0.3242156737457572,-0.0048374920780037845,0.0003371089619732377
2956.2443990195447,0,0.01545495257894888,-0.1964955048498078,-0.13516297418490408,-0.33441038185412764,-0.0033801841559923606,5.5326601110421915e-05
2957.778503409337,0,0.0914546278082929,-0.11867338835152305,-0.13887274969418717,-0.347315749533952,-0.004482406316622078,0.0014020466766346015
2957.5870941577136,0,0.008705022817115196,-0.22669783567368396,-0.034694192338391064,-0.3588002396642466,-0.0026980212186440483,-0.002383454321010138
2958.2036059094676,0,-0.0427640006784775,-0.20419802820313873,-0.05533247063346225,-0.37102791490474907,-0.00507619401664468,0.0019485221455280393
2959.6795723379746,0,-0.05442255402279682,-0.19485102546729827,-0.011853799480083797,-0.38529181222983633,-0.004058685180842951,0.0010059435656448136
2958.6017095449156,0,-0.028273225666244108,-0.16526940284476244,-0.06516669551660309,-0.39732831236554317,-0.0029543470693370734,0.00029003464389289484
2958.8040708694625,0,0.012156957911463033,-0.1376515177240928,-0.047022672982021445,-0.40964325954864544,-0.004136505598014158,0.001413993643176898
2959.374645224378,0,0.017173683268695415,-0.144181703339016,-0.02489348359625898,-0.4226205060180414,-0.004511914703818544,-0.00046291716777628573
2959.1460551284945,0,0.014273979727053751,-0.030769699902931186,-0.004876563026340014,-0.4341238537746419,-0.004211119676074912,-0.0022068044674887362
2959.3425299706573,0,-0.09954252316823754,-0.1392279391230966,-0.004738765867838592,-0.44520050806204414,-0.00563592925508186,0.002178578068337694
2958.9433543864193,0,-0.06152906944087273,-0.16139534696629887,-0.03130660490309688,-0.4567458240625103,-0.006820180698000217,0.0003847818837583528
2958.318636032296,0,0.0006016488675485605,-0.155156254389809,-0.022493225959112885,-0.4696460144857744,-0.006043792312659453,0.0017169631959796435
2957.6775243487186,0,0.06513977787034789,-0.09766351338153331,-0.014560542190900368,-0.4806059737451235,-0.005876632301560312,0.001527181950769626
2957.3520834889514,0,0.03901619491806478,-0.10388965959148397,-0.012997479034726457,-0.4877696661583113,-0.005692006590355224,0.0017318982958752236
2957.437151441593,0,-0.02130667235855152,-0.19854622095418323,-0.026580720906451805,-0.49662075538754497,-0.004602245093145242,-0.0004280960895898235
2957.063111720037,0,-0.05657334824834534,-0.11897187429645317,-0.03268736426386608,-0.5025002685297624,-0.0060877554324339014,0.0005600331917466816
2955.8333270849557,0,-0.04144814389983012,-0.1422865571160259,-0.15751822401880367,-0.5078959773216314,-0.004892032751622215,-8.814274447271274e-05
2955.9010027582217,0,-0.04371749128798098,-0.03917799316237496,-0.055455065868280404,-0.5118460361756116,-0.006534030508098934,-0.0018392115630203065
2955.5077079360485,0,0.0700198652295205,-0.05640402658072612,-0.06870742132062599,-0.510555664366796,-0.00893311623259789,-0.0003897574759642917
2953.308937393343,0,-0.0002712946680756326,0.076089081183968,-0.08014163127925095,-0.5102818585938631,-0.0065681609300902895,0.0008569388375921718
2951.9028468121214,0,0.09574062834256597,-0.04548018520282625,-0.08307253780840593,-0.505877044038986,-0.0050736275180603896,-0.0005773639144983879
2950.3934368540927,0,-0.10556588315951783,0.04815095693806037,-0.11197310945384097,-0.49836700779851106,-0.006819650328639793,0.0007572899369343033
2948.776017638773,0,-0.007595139449220748,0.0926167392379592,-0.026681134388976978,-0.4866162061341469,-0.004762710030994864,0.0003856495293799798
2948.7063383274844,0,0.09210889538218514,0.129390902950956,-0.13010128845607677,-0.4724609827924881,-0.004401053631267202,0.0013254143970490117
2945.487743932834,0,-0.008846352643445679,0.22657174151397602,-0.017247955314984055,-0.45288069291528565,-0.003484779415071055,0.0008396549925639476
2945.2452127981674,0,-0.050494211510043706,0.13927285207461426,0.013047241088082084,-0.43148590766037936,-0.005166749909591874,-0.0007243945814241004
2942.708589546037,0,-0.07569027733971558,0.2177624532157586,-0.07388129460336504,-0.4057602870473884,-0.00431815440118034,0.0014869270262685692
2940.695397962087,0,-0.03929724930047624,0.17822312804599277,-0.12327392358821276,-0.37794971897481855,-0.003812880569226134,-0.0008444629960901601
2939.8324570468903,0,0.017768623085655445,0.33101822051239843,-0.04820132779089137,-0.34416587760963935,-0.0022957714058434962,0.00037438534825762903
2936.962130779199,0,-0.017092462645371034,0.2554478826006122,-0.15414624637650065,-0.30831787004385686,-0.00261464519055033,0.000567989554872014
2934.0448288205434,0,0.0019209988632262784,0.3305784373472084,-0.07390788581361701,-0.2669526523981539,-0.00156120849483358,-0.0005813069840780626
2933.2670530625105,0,-0.062446458280628156,0.27363265687221855,-0.10521695366645817,-0.22768041830951793,-0.0025022952395664733,-0.00014110257032862346
2931.4076681472097,0,-0.000304593488437352,0.36977971497679557,-0.05499886170686013,-0.18388360118043773,-0.001479718152917477,-0.0005428320505482787
2928.5414701326727,0,0.015600085393785941,0.22521018403598303,-0.05292049343094381,-0.14059190710475386,-0.0021561492196167705,-0.0007985438729765576
2925.7980465469013,0,-0.01618103268217781,0.30024381828373614,-0.13651240047157184,-0.09826922486069636,-0.0015983652243678269,-0.0005575062087232968
2923.5480857128855,0,0.019111900044378023,0.31067977554228254,-0.05374682191172686,-0.0600331618992501,-0.0014363179133705536,-0.00032314456613044096
2920.7046773388483,0,0.07072104333332375,0.278129818896958,-0.18086522946971834,-0.022773466626861506,-0.00048152770033093613,-0.00021515329720972405
2916.7431699919766,0,-0.012707207179718254,0.3028874785443515,-0.12953938776505017,0.0071160225308563585,0.0003277745190820117,0.0004344218875946584
2914.3570877436946,0,-0.07365707490494307,0.1165528571815862,-0.1150349492826147,0.036323009219323674,-0.0009628636338195319,-0.0001532302013385672
2912.186214883276,0,-0.02541893207351459,0.16914924685022556,-0.21428763750042135,0.053895495361633725,0.0015156804321467899,0.0004895846093433831
2908.523889259618,0,-0.0030179330762887258,0.04680394392464057,-0.1731032999268451,0.06464519020924565,0.0003062200069696673,-0.00043975984732743485
2905.3674482256515,0,0.039497602049511644,0.03054193375873801,-0.22818717372500683,0.07073269833867951,-6.782413533493767e-05,-0.0001004614902181802
2902.307121966823,0,-0.02800791446720909,-0.09167577484872483,-0.12513536136986614,0.06389890551051268,0.0003396294489723353,-0.0013703297042581479
2899.0947516012343,0,0.06006292497628147,-0.20648762326096023,-0.18126384652253505,0.04892651856211912,0.00028574338710349084,-0.0003293687988294469
2895.3243435386403,0,0.10395656897032046,-0.301381659490453,-0.20495865977889005,0.02475759820098791,0.0012242810236109502,0.0011649699253128468
2892.165922461598,0,-0.04265526739076991,-0.350501621744451,-0.2457589775714449,-0.0063613743563950215,-0.0008145747408760008,0.00030207914558332867
2886.990067195354,0,-0.03443061405452703,-0.35026506228030185,-0.12326801371394652,-0.043878249734536655,0.0013093619883353192,-0.0004297507301223563
2884.40761124851,0,0.0023013483626101484,-0.36254166596163895,-0.18324537121242024,-0.0825417206233782,-0.0012275120717116098,0.00018614365257466973
2880.5677268720156,0,0.020802567555512963,-0.33927124597971114,-0.21361697826109305,-0.12666757932316652,-0.0006823900702309354,-0.0004374745371506167
2876.821329353931,0,-0.02833490411962258,-0.3606438219172359,-0.21434313307901487,-0.1697742703312799,-0.002858034564711561,-0.0003040386433696258
2872.22773576417,0,0.03650198759982673,-0.33112945657501885,-0.21110143084888203,-0.2089223991199192,-0.0036633462258412247,-0.0004849773638837028
2868.2404251845064,0,0.09700688281275911,-0.30797715921677066,-0.2103950778676304,-0.24313671900557676,-0.002823108020605906,-0.001140127374776754
2863.6860284792847,0,0.025920917090086,-0.20886535788512484,-0.17522046043178122,-0.2655124599292568,-0.00216641364737443,0.00047127649596034226
2860.1886345955286,0,0.033027869047341375,-0.04523630902521227,-0.21008172967856237,-0.27816468016273066,-0.0018425642944688734,0.00042657019046923503
2855.0555102188105,0,0.04127345880377298,0.011850901739780643,-0.1904498970523035,-0.27785961091226913,-0.003479447049751908,-0.0004204249894780027
2850.495483675104,0,0.027848638856576995,0.06583882899725872,-0.2871232881735678,-0.26573607552095807,-0.0035932603822255715,-0.001695117764370804
2845.2785793286002,0,0.017581482343575545,0.29969782570759795,-0.3115707874154013,-0.241741067750327,-0.0037387248386342165,-0.0010724253707628864
2840.616793928308,0,0.011048772341980446,0.3180939554566082,-0.3002748639286735,-0.2036412374565212,-0.0009995714057957617,-0.0005880408393836612
2836.077892856473,0,-0.012513994509966899,0.3794567560918517,-0.26196965472219913,-0.15666271298934953,-0.0014174782778519097,0.0006803683869649644
2832.0099335789996,0,0.005370334731627688,0.48031297809528145,-0.19297171938499424,-0.10336753732448302,-0.0004792966361845117,-0.0010360970868434822
2825.6973312511823,0,-0.007303201460348434,0.39222434768941866,-0.287634896170155,-0.048481291245278904,-0.0025123212870933123,-0.00046154081321695653
2821.4151818121113,0,-0.015779760682700348,0.3449869988979446,-0.3188826777395004,0.005776615538485461,-0.0010973604009386626,-0.00034345614702828393
2816.5157708754136,0,0.07835084938154073,0.4170177926818766,-0.34457041373290215,0.05356874435694305,0.003307696246366596,0.0002470287639117943
2810.548136247476,0,0.09766193852400205,0.20008885054777434,-0.3308826630978675,0.08915183660879752,0.0004616999985010222,0.0009736650833387717
2805.7928702150175,0,0.011013819393243508,0.17975777677222482,-0.3886701600199515,0.10789262997729432,0.002702977123971136,-0.001009516153457479
2800.400802887449,0,0.014196763811205862,-0.05803297814846438,-0.3067290519926983,0.11552244697214771,0.0009562502236218947,0.0004550616948805393
2794.4934186391247,0,-0.06115546245820056,-0.16315833736257157,-0.34941528270937483,0.10362447069509557,0.0011066412072929604,0.00017610586763950733
2788.8728713830183,0,0.00207349347007452,-0.4105834150500821,-0.27379473278859123,0.07499887806732485,-0.00042200165320026056,0.00046000117358041505
2783.1215102470205,0,0.028277670481795837,-0.3352825231954263,-0.3432456909842047,0.03487505208682144,0.00013864954129490356,-0.0006391250318214117
2776.696388164863,0,-0.03227471046672983,-0.44056551982146075,-0.4502206477559335,-0.018965450034383487,0.0007591247033425598,0.0002834811369072329
2770.786396791226,0,-0.09018886355097595,-0.5220233026469757,-0.34486001647999925,-0.07476359347513262,-0.0005634548308364453,-3.5125274724964925e-05
2764.865891259662,0,0.041843757295944174,-0.44525348574778756,-0.3794776780865806,-0.12351697983692173,-0.0029831254397330873,-0.0006284977523070015
2757.8363852492407,0,0.053331902723468466,-0.2483500916207706,-0.4723348282399707,-0.16707583632257395,-0.003967729213552632,-0.0004297167526744221
2751.941970043128,0,-0.0565578386184106,-0.17643137312907078,-0.4153994935715293,-0.19525518763477465,-0.0013816152907091665,-0.0014354357844910668
2746.1419891106875,0,0.042920300086212414,-0.022529472897751646,-0.3844285651514959,-0.20477143984984666,-0.002746077405136757,0.0008464453496552947
2739.9793694484983,0,-0.04440797910884019,0.13327441554339303,-0.361202232867594,-0.19615101483664807,-0.002930372618907237,0.0009074139931183423
2733.5433988369555,0,0.033879755072391965,0.3641780740573055,-0.389193544652805,-0.1641086320187,-0.00038191418610692817,-0.0004482420682450636
2726.9642885531707,0,-0.010970733194167326,0.4867601295462054,-0.4308465591904807,-0.12135219334286447,-0.0017286608983867202,0.0023212201819668367
2719.9022833860395,0,0.07361629488531021,0.5182885666269264,-0.4707769913724146,-0.0668571088974326,4.07974671080807e-05,-0.0002895452875510333
2713.104784102374,0,-0.012273571259075706,0.37090362891188555,-0.5033286283812323,-0.010802934269891259,-0.0010417427266910966,-0.0015685045469424487
2705.541723490843,0,-0.0029472776578202036,0.46083958735371355,-0.46605297464822715,0.04169477110120505,-0.0003870408444594174,-0.0019669295321190867
2699.388032906052,0,0.03379109129286681,0.25452551419038716,-0.4873349683630425,0.0776079721810945,0.001919312450793558,0.001112748358709392
2692.198159419358,0,-0.07071615393491397,0.10521780923193441,-0.47028327973855455,0.09799117657596439,0.00046850315570542153,-0.0005275320547693849
2683.827601650653,0,0.019075862433452356,-0.06632685851664219,-0.41792163867506704,0.09600141228533095,0.0009028579427576647,3.1806432311869244e-06
2677.394930670121,0,0.033334101116101356,-0.20738852151690806,-0.5551718101428378,0.07295067267328864,0.0006452981953722634,0.0011030214032799709
2670.434034740071,0,0.03124721267167896,-0.42349344303098974,-0.5496222474394169,0.03089687905795355,0.0004022514350909361,0.00045279554618709
2663.52391515142,0,-0.05033839163730293,-0.42111277900664146,-0.5381587266172343,-0.01740468691819497,0.00019522207378896663,0.0015776635123118438
2654.7106274644707,0,-0.0037748716983356245,-0.4539937694775551,-0.48970320777394116,-0.06832140087238674,-0.00016632981528752315,-9.575373717994612e-05
2647.8186722474143,0,0.004379956601528899,-0.37200981895970286,-0.6036092409551399,-0.11231619278548381,0.0006083381585003068,-0.0003482107427761716
2640.093728973495,0,0.009972246377102471,-0.1908331165844233,-0.5353543695587236,-0.14221307289042245,-0.0018455021850636894,0.0011272155962926342
2631.724846973523,0,0.004887382846231486,0.03851588909672135,-0.5501955108540432,-0.1521511293977697,-0.0021595878693103253,0.00031306267381026417
2623.702929307972,0,0.1281077122694912,0.17555135970212524,-0.6366006457392405,-0.1386483878881672,-0.0021157427421490222,0.001002714162745721
2615.370925328667,0,0.04528950499744414,0.3525866429816464,-0.5356498362865092,-0.10406577844304263,-0.003081309389803076,0.0001058673854771392
2608.0139061419723,0,0.03139237538877398,0.3937057184515471,-0.6301715949465736,-0.056834107993999766,0.0006603353336161439,2.419240460313206e-05
2599.6408351722084,0,0.05259324902572828,0.39181118353229577,-0.5712592292359087,-0.009364091620285765,0.0006595750617402249,-0.000465951540859595
2591.2863358040017,0,0.08517030901963403,0.330377257040038,-0.6514266524189585,0.036995523795936555,0.001269769767944563,-3.908107799470398e-06
2582.4007205514295,0,-0.015332926602062973,0.19729475005291758,-0.6415978460935541,0.0681000239730406,0.002190789565647333,-0.001864437487271147
2573.5671970621966,0,-0.019262448151669484,0.079009183900723,-0.7821074984408922,0.07592942608821261,-0.0006356005124820588,-0.0006831436469290726
2565.5683348755256,0,0.04151597797479509,-0.25012402791607447,-0.7536582422941586,0.060641210175626646,-0.0004963951062918453,-0.00010441686710437457
2556.6123577457543,0,0.0864792711244953,-0.4310526873848579,-0.7227575575458919,0.028836300517006298,-0.0016741435623314103,0.0012920770919867082
2547.8447433381857,0,-0.005948752765832392,-0.32978361331060024,-0.7933565311563091,-0.017053967907227366,0.00014346714420039602,0.0002638071831938394
2538.9512908310603,0,-0.024816026506284825,-0.40522186988614267,-0.7328892268156716,-0.060354985640990365,0.0007850919660938314,-0.0007934242148899555
2531.6854557809656,0,0.037822670267017446,-0.2211959520362539,-0.6700231920243575,-0.09361415904557573,-0.000959305631259668,-8.067338178501965e-05
2521.1659189376232,0,0.03790695692875867,-0.03308391358948258,-0.7711449159985745,-0.11188117098318186,-0.003066817002658156,0.0017740868479438634
2511.481801775098,0,-0.008653239191970476,0.17207983197644783,-0.7727082501212499,-0.1064320419015407,0.00020864520990069137,0.0021515574603016723
2503.0338345721298,0,0.0716693712264354,0.2645182384308933,-0.8549253316833075,-0.08234316033773788,0.0002618478527005297,0.00012522699486433868
2493.8416961308217,0,-0.0409925511383926,0.3225350513588141,-0.8460015422867967,-0.04466417414185168,0.0007253821043445037,0.0009360497289331157
2484.389893471486,0,0.018718587454608616,0.26915263295941566,-0.8185572947797582,-0.001198085903332014,-0.0007837509828693798,-0.00039970946033264244
2474.8211469928337,0,-0.027964914084518195,0.3620801622772614,-0.8717428319533628,0.0337312845109007,0.001637978113158967,0.0009996883568944366
2465.34203453304,0,0.032132746819309145,0.09720852023014512,-0.7819244190598581,0.05198854879597506,-0.0008142074813849416,0.0004719646429305967
2454.667964133429,0,-0.008572139928794185,-0.08204238599699548,-0.754899340625141,0.050179750952083185,0.0029166323023591847,0.0008607292677309578
2446.101944238123,0,0.014988696746463314,-0.24314444781053718,-0.9077838758761814,0.0284690266725475,0.0009215722959328116,0.00018359099622182882
2436.1720455794384,0,0.013645915728441267,-0.3555010365811053,-0.9523379328352743,-0.00481150531228285,-2.2932034124681423e-05,-0.0008351461339497406
2426.0632348633853,0,0.037840502685362404,-0.3206579350333328,-0.9329990529330885,-0.04263452600766525,-0.00021485503825204776,0.001956089380580549
2415.533224922293,0,0.05136626967023943,-0.08881355406928859,-0.9714799763202402,-0.07331158999014888,-0.0012241287839508607,-0.0006874709300259014
2405.7739214717603,0,-0.07127204489516104,-0.0034130592463707324,-1.0050373176423377,-0.08292626330132864,-0.0015408736077971953,-0.001077972305626742
2395.56962932159,0,0.08169986169932182,0.13801283119649962,-1.0407515557691691,-0.07663972138324093,0.0002880549408664127,-0.0006253373550046717
2385.2903739517164,0,0.027642673261169225,0.20474513212503412,-0.9550020874317197,-0.05163356744890631,0.00016511280787510246,-0.000601507498450585
2374.617157667701,0,0.060340200487139804,0.27947491991418366,-0.9812023527412473,-0.019096415859947494,0.0003294630366820001,-0.001510131234269003
2365.5329488936413,0,0.016564605131584916,0.22432423851043187,-1.042401082788587,0.01429131840545393,-0.0007096838845323705,0.0005511248773269213
2354.2119157742804,0,-0.035452459985744596,0.0855693365366728,-1.16790900050764,0.03183450313155355,0.00037983701002664895,0.0003129851358256832
2343.5237724939166,0,0.007862415414848549,-0.07403913406979595,-1.0385750189452145,0.036294462005039566,0.0014433838804401393,0.0013124554886491109
2332.7640585751024,0,0.046416999789057695,-0.18656539883555323,-1.1071872712596187,0.01937499752333691,0.002204806389872336,0.001301853554816941
2321.4957159836513,0,-0.017485428813263613,-0.3393839222209313,-1.067994417943172,-0.005978902821277434,0.00043550365751230405,0.0006396883489676559
2310.9071203945846,0,-0.020534062615359738,-0.33701358896915723,-1.17509830606882,-0.03666523119639605,-0.000748268659155477,8.57310205769863e-06
2299.0589846645994,0,0.12683682154023068,-0.1301940488562297,-1.1815349334445142,-0.05601671419357776,0.0008151421097700746,0.0005952745696613638
2288.674880377698,0,-0.032698209103423165,-0.0031958283801423806,-1.2425813414037128,-0.0627112737642439,-0.0006666746434592007,-0.0004506589760376518
2278.1234006923623,0,-0.028195991946962873,0.14676290014242316,-1.2201852341114134,-0.05147542317888169,-0.0015048579038495014,0.0015238737550439857
2267.7144555266814,0,-0.06465934123864,0.2273749979775823,-1.2028843498148372,-0.026941656640493136,-0.0001293486776698475,-0.0006455875618048381
2255.3884320564284,0,0.05320049477020053,0.2002694397295135,-1.1648400447937293,-0.000949317583092248,0.0015353848326171728,-4.8395100335828506e-05
2243.783221813991,0,0.00212875619132768,0.13507316744858344,-1.2707673570786262,0.019105543654807478,-0.0009350326847485784,0.000257502202312582
2232.6995538181504,0,-0.016253313404076788,0.035739368044834824,-1.2123010274648338,0.022864713991853827,0.00054904941170252,-0.001915220875174098
2221.0004936942914,0,0.005014938330922284,-0.15653538828833183,-1.3307150358809237,0.013389102176564817,-0.00154317233590322,0.0018413849175994983
2209.2458322622856,0,0.07603456449370402,-0.18462565640983378,-1.345444875422181,-0.007027845568489704,0.0010289269221679803,0.0005948056742653587
2196.311040659318,0,-0.008682207667068832,-0.16124390779434244,-1.4066429823883837,-0.028133453555734517,-0.0005471594957444243,0.0004866358106997781
2185.2927688332775,0,-0.06037600143735934,-0.015287733043514343,-1.2742403509249665,-0.04347580727178915,0.0003533678426421988,-0.0011441067136945225
2173.0631001230063,0,0.15710472071277662,0.019616463106817715,-1.3612630779640638,-0.046671670894172866,-0.0004698466835048202,0.0009535582028792681
2161.8560073598674,0,0.035643009481607035,0.16630352299525503,-1.3798086157559593,-0.03500172748228752,-0.00016984785033817264,-0.001526099741545249
2149.729681041716,0,0.016847615234869724,0.1559013336400246,-1.4103409242341545,-0.01650322423368906,0.0003422616273259339,0.0010208871605138308
2137.182103756371,0,0.024009347076537433,0.182184941404154,-1.4089868250996473,0.003247243081415077,-9.414644589542151e-05,-0.0015510521482972836
2124.9793585029806,0,0.011640083232285905,0.0674991562280964,-1.3807350785104395,0.013671183521100371,0.0001683204905406129,-0.00048777329684853815
2112.3093934254102,0,0.010963224311674378,-0.04882551995478749,-1.4582011622850448,0.01161224125816787,-0.0013721287870909185,-0.0013365770048062741
2099.670091787637,0,0.055837379997175515,-0.18813790682853912,-1.3440535470730088,-0.0017484699391867957,-0.0012768077660598525,-0.00020344150753421263
2087.6898050953478,0,-0.018495583220831384,-0.17280883501272093,-1.574254153947309,-0.017755938271696803,0.00010248546492124268,-0.001938611994699619
2075.46723074092,0,-0.019057101154788866,-0.08628937003908413,-1.5184120192234545,-0.030035338848561955,-0.0006589755559442523,0.00023456094958392067
2062.5141083484705,0,-0.04330860925337461,-0.021507135779795405,-1.5303665014832777,-0.03485532983621727,0.0008434929501313069,0.0005145276662825
2050.020798218593,0,-0.10616713402904941,0.10927300810446752,-1.5255064224892467,-0.02491957437638831,-0.00047996139811951305,0.00023647993749118911
2036.5654149480324,0,-0.0716611422119942,0.07288575140511666,-1.6243340057777214,-0.012749998695398902,9.615357749211932e-05,-0.0008413780564922386
2023.2624869487765,0,0.035969225977674976,0.05161352107005883,-1.6615038712469385,0.0014877742332285154,0.00021380973149202906,-0.000799987483043534
2010.9471074559326,0,0.10433575082190097,0.11790674586521316,-1.6835511951532256,0.008849492523985038,-6.643379210020869e-05,4.920153131322593e-05
1998.0425065017084,0,-0.08183267735648662,-0.09551667061224625,-1.5753820646788792,0.003206350856014564,0.00037465846392810886,0.001466906804427024
1985.5652324547036,0,0.01718312907801214,-0.13017493991225723,-1.6808960111839841,-0.0078055923713114695,-0.0007026701279553399,0.0005792244268859982
1971.455863555997,0,0.02238965792415024,-0.06452088794721716,-1.6817369523798968,-0.01875057345589272,0.0009453742767467589,0.000538792654857691
1958.8707615229034,0,-0.08541449443915901,0.04968130408799646,-1.7073478277338567,-0.026521121291392544,-0.0013993152074901628,0.0006020535027197921
1944.6342649719058,0,-0.011576083218270517,0.023671566075358016,-1.7414829519868424,-0.0258849291735736,-0.0005478291818995058,-0.0009304381199936367
1931.950019763868,0,0.016779848911453572,0.1383566938997405,-1.8138032969738784,-0.0168251284840223,-0.0009503592804411819,0.0006886729241287858
1917.0517433002735,0,0.0010533372831455813,0.17233176791944038,-1.7973502792253033,-0.0049068167403741635,0.000765613873410841,-0.0005774244066011125
1903.4128013151153,0,0.024670624720774043,0.06813284652276315,-1.8117746844374094,0.0016017615720026648,-0.0001330563665212413,-0.0006522320788258467
1890.3601918120737,0,-0.0644318131806692,-0.05707728391206514,-1.920129941840576,0.0026885516450464854,0.0008341993412722821,-2.8351941760797334e-05
1876.1099122117282,0,-0.05188207492304107,-0.14174248036727644,-1.8132741734674538,-0.0038324028246813774,-0.002346431269744447,0.0013615117852477062
1862.7798981888732,0,0.018251963903828997,-0.13447498626701396,-1.9513734217324918,-0.013262721320998547,-0.0010014437123361856,-0.0018992836938769007
1847.9688732549284,0,0.028043677974363978,0.009149657912150215,-1.974724705021481,-0.019671694577781704,-0.0010967557517474371,-0.0007809638922325245
1833.8948982250336,0,-0.015639378617259895,0.037037019608388136,-1.8776195135689624,-0.01798765345964048,0.0005939477987940019,-0.001362310682924196
1820.1785901140406,0,0.004326911073754432,-0.014867098275035247,-1.9235667865740713,-0.012701472540256992,-0.0012137501008889584,-0.0002770392610508728
1806.1014574807518,0,0.08202790570972736,0.08451215944254871,-1.9038661889956319,-0.006548921119128732,0.00019521926502391533,3.536739305212178e-05
1791.137771268442,0,-0.014746471189874447,0.07272015905366888,-1.967081834956983,0.00041369064421686625,-0.0002474526587597685,-0.0007984886145053208
1776.8989464992562,0,0.028995657485565554,-0.06180461245270211,-2.0927468452742977,-0.0016978133323868384,-0.0007204800012003673,-0.0006951542391818919
1762.3254066583236,0,0.02110476648316914,-0.03618724152308299,-2.08116188370358,-0.008588289458091612,-0.0008197077129251552,0.0026017470407429704
1747.864797211252,0,0.04061468988269522,-0.11298396399376855,-2.0895540923032088,-0.011332141739289382,-0.0008306188375736729,0.0011919741003505715
1733.8828217704227,0,0.06791667449056998,0.10415187295153584,-2.1742407611155516,-0.015441928903224591,0.0013222541584885464,-6.586320066781862e-06
1718.895641840025,0,0.04067395049914331,-0.03350025295482584,-2.1425279930110768,-0.014380665099040882,0.0007803289000596248,-1.5740533561328256e-05
1703.567760224115,0,0.03166789425138673,0.1250210110396419,-1.980175032140242,-0.00828753929703026,0.001168608780473724,-0.001645202840498852
1688.5413645470735,0,-0.017546401053666685,0.04663491485724157,-2.1837753194678653,-0.004824679038559181,-0.0002855758058494534,-0.00020728201436629747
1674.476340412089,0,0.09546177831686833,-0.010951440505287744,-2.091519134949537,-0.0017388207237706544,-0.0016503839249137565,-0.002069301954017947
1659.75699602359,0,-0.005406881103503611,-0.037273439478039065,-2.172468073299116,-0.005352526847096498,0.0008251496462510077,0.0005730106511843641
1645.0096826790955,0,0.022518126003805157,-0.02035560542833807,-2.2404629894546706,-0.010346008223965853,-0.0008466130045214068,0.0015343040905919107
1628.2476352985852,0,0.006863336379358874,-0.052779048620408164,-2.334764003538009,-0.012604052000159929,0.0009750458331832605,-6.152220611424146e-05
1613.7517193164401,0,0.07834609223271653,-0.04112304107889087,-2.35027523229867,-0.012273050666307858,0.0006536240863071572,0.0002221307435137414
1598.718525264839,0,-0.002659230877435196,0.13617289097692467,-2.394071847428028,-0.009163223884133516,0.0005293613978196079,0.00013835999694890454
1584.1602008544373,0,-0.023699097559908306,-0.038204345610716575,-2.314670827745603,-0.005173067668536733,-0.0013125257589801432,0.0018188516608424485
1568.4605531496752,0,-0.004390362332465321,-0.029526793298442294,-2.4936535478233437,-0.003466904438483239,0.00045371110922174545,0.001145104321121677
1552.043993682213,0,0.08285793584116528,-0.014654418685043033,-2.3350854420711693,-0.004525700014059114,0.0005674245265281753,-0.0003165889699188903
1536.0873803298093,0,0.047205196019481255,0.06276305159428544,-2.405964945861554,-0.008094231671145919,-0.0002975354087479928,0.00010595822791421027
1521.4033294466149,0,0.09528414604169037,0.014590803075795356,-2.3928623241796676,-0.011421694330320961,-0.0005256548356724697,0.0015105524882949425
1505.1511944934257,0,-0.05926649078788923,0.040193880590609035,-2.4407880806948206,-0.012800121830767383,0.0005611102320512127,0.0018425708784470735
1489.923147709852,0,-0.06302096927247669,0.018532871353320653,-2.5226072790070555,-0.008660013515393934,-0.0020977620915005714,-0.0003170461617767566
1473.555728187739,0,0.025364243778545997,0.057194224808251856,-2.518780272716254,-0.005695304600864247,0.00011266908682365069,0.0005660410308849046
1457.5993739066132,0,-0.002100425701320928,-0.038305096160475074,-2.5467816538628143,-0.005365203416133087,-0.0008485565452744153,0.0005050993613143769
1441.4240273368305,0,0.06404776814276178,-0.000591858361129894,-2.5673162688758198,-0.0050359229840909155,0.00188980206441508,0.0013715601750392509
1424.4539598471422,0,-0.019634256216286724,-0.03921405700940459,-2.585069204216024,-0.008208176801640788,0.001001576693279536,0.001075556289855016
1409.7532459158997,0,0.0761862776570428,-0.0054024579238681715,-2.6612521780182883,-0.008826830657210925,-0.0005722020356631284,-0.0020909195765493635
1393.900472957291,0,-0.005301233243137086,-0.010080197642588388,-2.7343638928993936,-0.01010069908798179,-0.0002875926624353887,-4.2881273327672675e-05
1377.1095170421022,0,0.10287016723024343,-0.03789864686084757,-2.707785743634546,-0.006756409842152014,-0.0013024268935655067,0.0009642493578284381
1360.7837626536104,0,0.0002677959642581468,0.08638549484914587,-2.7509636942705007,-0.005964123147066055,-0.00041498878284581956,0.0006282957837377774
1344.1941986025051,0,0.02416248626023913,-0.054808002775743596,-2.7410731202995793,-0.00410575920077356,0.0009885028915461284,-0.0018761680935236438
1326.6761053427895,0,0.048279568468771586,0.0013547525337000467,-2.7908186645749113,-0.006689724513215962,-0.0014327961168614579,-0.00022893605644836197
1310.6952221496538,0,-0.023838848236299393,-0.02537678093629363,-2.674400040767974,-0.0061571624175148065,0.00011475486746009709,0.0003245197211927755
1294.7258085581293,0,0.04560202297887952,0.07430281223453278,-2.7718426795365145,-0.006714333943142792,0.0010958970587791467,-0.001966069457592596
1277.3981135275026,0,0.007357311196724014,-0.06705362119507245,-2.831174500627141,-0.008183565531997158,0.0005582606607745185,-0.0011816656999139724
1260.0260576075093,0,-0.033734182020685816,0.016941238590744073,-2.9574489940467363,-0.004845706467809719,-0.0010191827328820023,0.00020142980484787892
1243.9777063723693,0,-0.03040298162593839,-0.0329867544674275,-2.963778104792009,-0.005905951553189746,0.00130787896271737,-0.0007513482994634915
1227.1805885645927,0,0.06757857490767882,0.0637351069182325,-2.9192249042233533,-0.004076780227273854,-0.0012925740271750538,0.0011223680612762476
1209.033627357149,0,0.04637424348985434,0.06768859597756516,-3.0056216398485276,-0.007400458939174071,-0.00016637193283874278,0.000619943549062364
1193.1276498403176,0,0.020472561210061538,0.03414401812626159,-3.0183678469215005,-0.006988193001672161,0.0006778451592646933,-0.0006826373806388178
1175.5291064551323,0,0.017664024693204012,-0.04174690021980346,-3.0852890737409013,-0.005593014508353858,-0.0006146120353576566,0.0008199332176547018
1159.087977236049,0,0.11820177924922455,-0.021572269431010344,-3.025213488331132,-0.00614532328844262,-5.073359826824339e-06,0.00025704256831326073
1141.8955551536717,0,0.11295527263852284,-0.09419979118249049,-3.117762358027154,-0.00658052743291708,-0.0006152234187611669,0.0009716857586762519
1123.7729286149824,0,0.072319001156382,-0.06779733417586431,-3.2072733323034934,-0.006620579299592438,-0.0013914676034148417,-0.0003457902320314292
1105.6548634563717,0,0.030473264850871797,-0.012565858505353224,-3.1575088982340263,-0.007255200675660623,0.00024418046884464896,0.0014143200043679374
1088.5390955256094,0,0.1006758569894003,-0.0074220576290478,-3.1788892684823287,-0.0065873340966934,-0.0007320981156371102,-3.338785110335079e-06
1071.6865770346224,0,-0.03324810737500741,0.029587744831508018,-3.2253775897691788,-0.00539378566139406,-0.00012145095955523113,0.0006483618049507275
1053.185298498112,0,0.04146124519595143,0.008438527762645955,-3.2901346440234502,-0.004273165297845331,0.0004127703089086332,-0.00036020191204895355
1037.5255597339049,0,0.10069678212189517,0.0010384337887983258,-3.285542019090065,-0.0033070322415027272,-0.00027947659984126484,0.00024037253026069062
1018.5167781187408,0,0.004553457495763243,-0.10041610177127196,-3.2592280109240788,-0.0053207191826584324,-0.0013176160879807954,0.00028925554277916583
1000.1316340313717,0,0.03161013048733122,0.02265537324208952,-3.2695898848384495,-0.004956119955016618,0.0008838097325966795,0.0017183646613051682
982.2526531249792,0,0.056268901992208464,0.01859306032046957,-3.3235436450965707,-0.00634151057838952,-0.0006825025331906875,0.0002280052955363672
965.3028596174196,0,-0.09311458338500786,0.06307513315092009,-3.322553264781791,-0.006926151741287399,0.000723983717346888,-0.0016932554470787656
946.6401011280589,0,-0.06450260755442602,-0.005320442499701211,-3.3944757616951384,-0.008274463586455809,0.00040220271282025307,-0.0016040904433826048
928.3023042131113,0,-0.0024276883064021024,-0.03697011031701948,-3.524463049875082,-0.006524926241016211,0.00030984117017531524,6.74377530800913e-05
909.4669674916368,0,0.022892252781272226,0.014512551985627495,-3.5284178482262063,-0.005923649865306575,0.0014135999827625929,-3.500649253166826e-05
891.2658099062301,0,0.044560213499464645,-0.008473868507452985,-3.542392288397593,-0.007341279651737143,0.0007873292374971627,0.001237133945767026
873.8482243857865,0,0.09524924199679481,-0.018665805223101368,-3.5224537165563237,-0.005009356991450561,-0.00028406997354668323,0.0001921545457514547
855.7083128001486,0,0.05696383987938692,0.009062098360581763,-3.5500600075860453,-0.004468688185212856,-0.00010487326344535827,0.0005621795389413713
837.8925932156352,0,0.07440794451617966,-0.07453854733016231,-3.6182538945346514,-0.0063932444081241414,0.00060372525834256,-0.0003472059798149338
817.9729862182851,0,0.04215773502548057,-0.09721161986108753,-3.6120207353812233,-0.005911556988993438,0.00022555012160135483,0.00042221190280017205
799.6164862353119,0,-0.007961674029544532,0.08786565740402306,-3.629030077383271,-0.003031114851486831,0.00032353962067872794,-0.0006242566814485911
782.0850842632703,0,0.05092175500335675,0.02177247002459977,-3.6770064203861312,-0.005037256261572144,-0.0002997244898113076,-0.0007484561393080486
762.9557832533012,0,-0.0018954691865614229,0.08797270127569781,-3.528664516544328,-0.0063413351302094466,0.0006394346889935252,-0.0009095303327252578
744.8481890246634,0,0.019600266718379705,0.03808745860467702,-3.8231983127473605,-0.004064318654117644,0.0014363323323325382,0.0012929831648555929
726.0486330619252,0,-0.09916977186506071,0.011039774816199,-3.8332522758312564,-0.004422230071011954,-0.0006363746357211392,-7.450398542738802e-05
706.7975003655444,0,0.04219473514074551,-0.04984365035921503,-3.8314264288607847,-0.005303986217978135,-0.00018987938600069514,0.002101254668124409
688.5966093515157,0,-0.09131928508350459,-0.022745200920563473,-3.7942658465010766,-0.005185653212877242,-0.0005740101676853234,0.001642055774976572
669.4618063364823,0,-0.03700089876906943,-0.04955281760978375,-3.9434822224258923,-0.004097486866939353,0.0005857703974953057,-0.0002603215518351523
648.9405047650406,0,0.031909672997575994,-0.09747901297190092,-3.8883788639611367,-0.004522745369724245,-0.0014082317164299833,0.000226899998854475
631.6170790913847,0,0.06118756770922404,-0.055823998697465696,-3.939703489465774,-0.003805464823581186,0.00020288217290806914,0.0008180741205641563
611.2794114680611,0,0.08358756050947093,0.0320422571076314,-3.9875448812822367,-0.005681196394067346,-0.0002306392823194187,-0.002990519794231747
592.49472563873,0,0.02687185450286917,-0.05549525914714361,-4.0321930499181615,-0.004854645734724828,0.0019067927690310275,0.002009189352387462
573.7661239299713,0,0.04043396065716946,-0.05197239783876156,-3.9834261991341213,-0.004350048338259693,-0.001704953263909874,0.00011572999525227952
554.0824458395863,0,0.03602036110406283,0.015948457366914998,-4.1175295990676695,-0.0033257400164878968,0.0002035157106488787,0.0006830329807877097
533.999762876596,0,0.051907913773014375,-0.06581842640007804,-3.9988662175344225,-0.006383568285990505,-0.0010715285796212845,0.0004964166272789801
514.5625017373122,0,0.04464927126812976,-0.06295086388158493,-4.139794696977239,-0.003029101018186935,0.0012047256210563587,7.926350672127477e-05
495.26677034472624,0,0.08012681147223659,-0.0052355098179038065,-4.1317103001255,-0.0037820934534244263,-0.0014017510402148435,0.0010013359450647815
474.9214817972285,0,0.024726906166799484,-0.0026702642505130316,-4.140828176688447,-0.005462221378044157,-0.0006317048849599236,-0.0010575086362205738
457.2927240339552,0,0.07040213250611659,-0.008434889581608452,-4.148431718516917,-0.004087960191243948,0.001395980121687275,-0.000964825355389249
437.79381496097153,0,0.04046987522576566,-0.014661124678790691,-4.286008866862769,-0.004173481135758949,0.0002849675171766313,-0.0009935490905452738
416.75723702108775,0,0.08194889732683103,0.008715088579259057,-4.33758226025443,-0.006326667446730917,-0.0002937350853657386,-0.0016077771879246814
397.98373622778854,0,0.06634021730191654,-0.02106462267402609,-4.296861193329338,-0.006342522077492443,-0.0008084993885898595,-0.0005628895756390381
377.70516339464746,0,0.048807496170776454,-0.08261071178272371,-4.340250384835827,-0.005152181034207621,-0.0006317432879913947,0.0009844702801098475
358.0500898308148,0,0.03795746662610943,-0.015705511014744003,-4.403264672766699,-0.004336103959062203,1.030351271612351e-05,-0.0012678809923759543
338.65644421311765,0,0.02259469638788194,0.04826959966031193,-4.395926950939639,-0.0026919785585805423,0.00121995584731917,0.0002378397283718638
319.35008396917425,0,0.040014852618339675,0.01670086335447677,-4.476166400984044,-0.0039027997195677355,0.00040316852267413837,0.0029115373196366484
297.8538556807558,0,-0.06717107400046365,-0.0011947530327578453,-4.453222957334979,-0.005301770946024977,-0.0016049631225900879,-0.0004329977697108097
277.67442271581666,0,-0.035872163345627026,-0.007640999319815753,-4.564314477261989,-0.0057488467617488066,-0.00023709082621962128,-0.000749430168350494
258.3718944249239,0,-0.04768009730411692,-0.031028971411668098,-4.55805057654648,-0.0028965569502070786,-0.0006422058069378364,0.0013772065850872941
237.96996539414957,0,0.03937306945746409,-0.0472433373865052,-4.571900984227145,-0.0012644089101949293,0.0028175335914162824,0.0005322080327454684
217.08908508210015,0,0.07544411288117796,-0.042383079475658114,-4.69908804122192,-0.004066026695352118,-0.0002940475348908612,-0.00048110777883847775
196.91803854912635,0,0.04811344523695213,-0.043537400353109754,-4.68985599806642,-0.004818205528038571,0.0007245498314352013,-0.0008421627910387975
177.9073676277203,0,0.018496777169969197,-0.07144107112380126,-4.614537602207712,-0.005703737396884298,0.0007977495656026351,-0.0020278128173341734
156.7793094303172,0,0.02936237939397398,-0.009058249182149463,-4.6818612030358056,-0.004905645755878054,-0.00030082143902790626,0.0010700207535641883
136.28008527814964,0,0.038646313301578986,-0.05962565284040358,-4.742859134124259,-0.003285851329504432,0.001159277419314601,-0.0013336378616309605
115.63887579576557,0,-0.07137750275905319,0.089742360084612,-4.789441066344203,-0.004505614402915097,-0.00044787236032703696,-0.001363938084041775
95.87711335222032,0,0.020380859343842428,0.03509648641124408,-4.817953608519868,-0.002362196881116347,0.00034778144518239347,0.0005231929074403576
74.15756381026193,0,0.0882377768156694,-0.025141175577192372,-4.8055161515748,-0.0019874951803457446,0.0009349614394611858,-0.0009810432473304524
54.207152718217294,0,0.08647385129553761,0.035473361098357366,-4.7947454531940865,-0.0046549910724894995,-0.0011833471382335856,0.00026853998985219016
33.37034970825604,0,0.14677285141721128,-0.002762613381477689,-4.920266543155313,-0.003748360782134742,-0.001907474614031022,-0.000600404241127933
12.968121342160476,0,0.04187868494832241,0.005716067996595021,-5.004399163381536,-0.004078643907416499,0.00110211925102647,0.00038711225366405455
