alt,pressure,ax,ay,az,pitch,roll,yaw,gps_alt,lat,lon,vel,status,phase
0.0,,,,,-0.0011243553599342704,-0.00014545164594892412,-0.00012613373110070825,,,,,0,IDLE
0.2747722566127777,,,,,-0.0015975036658346653,-0.0013363838661462069,0.0006560005713254213,,,,,1,BOOST
0.6630502939224243,,,,,2.195032539020758e-05,-0.003194924211129546,0.0006365783629007638,,,,,1,BOOST
1.288148045539856,,,,,-0.001521000755019486,-0.002282005501911044,0.0020939339883625507,,,,,1,BOOST
1.9941855669021606,,,,,-0.0010188334854319692,-0.0032971592154353857,0.00045633901027031243,,,,,1,BOOST
2.911404609680176,,,,,-0.0008140059653669596,-0.008973379619419575,-0.0001548923901282251,,,,,1,BOOST
4.108480453491211,,,,,-0.00013322853192221373,-0.024389445781707764,-0.00027668947586789727,,,,,1,BOOST
5.680488586425781,,,,,0.0033096761908382177,-0.05839579552412033,0.0009497584542259574,,,,,1,BOOST
7.605013847351074,,,,,0.003980560228228569,-0.12358194589614868,0.0031343018636107445,,,,,1,BOOST
10.10271167755127,,,,,0.004756418522447348,-0.2217092216014862,0.003704455215483904,,,,,1,BOOST
13.320615768432617,,,,,0.0068049198016524315,-0.3516768515110016,0.0031642341054975986,,,,,1,BOOST
17.311786651611328,,,,,0.006152843590825796,-0.5070783495903015,0.004273209720849991,,,,,1,BOOST
22.33031463623047,,,,,0.0065175737254321575,-0.6708204746246338,0.004521569237112999,,,,,1,BOOST
28.715160369873047,,,,,0.007345554418861866,-0.8205961585044861,0.002603474073112011,,,,,1,BOOST
36.58138656616211,,,,,0.005512948147952557,-0.9293078780174255,0.0016024978831410408,,,,,1,BOOST
45.62764358520508,,,,,0.005284101702272892,-0.9793761372566223,0.002940376987680793,,,,,1,BOOST
56.188148498535156,,,,,0.004627235699445009,-0.9768567681312561,0.0035246119368821383,,,,,1,BOOST
68.19495391845703,,,,,0.004476829897612333,-0.9453624486923218,0.0008273362764157355,,,,,1,BOOST
81.5083236694336,,,,,0.004029504489153624,-0.9241994023323059,0.0017564126756042242,,,,,1,BOOST
95.74341583251953,,,,,0.0048707337118685246,-0.9492188096046448,0.0023440865334123373,,,,,1,BOOST
110.96582794189453,,,,,0.004500362556427717,-1.0287781953811646,0.003193461336195469,,,,,1,BOOST
126.8472900390625,,,,,0.002705581719055772,-1.134976863861084,0.004407025407999754,,,,,1,BOOST
143.51742553710938,,,,,0.0032990765757858753,-1.22490656375885,0.006257625296711922,,,,,1,BOOST
160.70553588867188,,,,,0.003742809873074293,-1.2674058675765991,0.004203681834042072,,,,,1,BOOST
178.41152954101562,,,,,0.00376745848916471,-1.2605749368667603,0.0034980790223926306,,,,,1,BOOST
196.58535766601562,,,,,0.003653158200904727,-1.2519928216934204,0.0023143484722822905,,,,,1,BOOST
215.41920471191406,,,,,0.0019081351347267628,-1.2803337574005127,0.0027008927427232265,,,,,1,BOOST
234.59283447265625,,,,,0.0028856468852609396,-1.3493597507476807,0.004048248287290335,,,,,1,BOOST
254.2343292236328,,,,,0.004307552706450224,-1.422934889793396,0.006542680785059929,,,,,1,BOOST
274.16302490234375,,,,,0.003876748029142618,-1.4599052667617798,0.0075549716129899025,,,,,1,BOOST
297.0490417480469,,,,,0.0006944633205421269,-1.4626483917236328,0.00805113185197115,,,,,1,BOOST
318.2939758300781,,,,,-0.0010904585942626,-1.465796709060669,0.0075804260559380054,,,,,1,BOOST
343.943603515625,,,,,-0.0006713384645991027,-1.5045205354690552,0.007233323063701391,,,,,1,BOOST
368.9697265625,,,,,-0.001613738713786006,-1.5663894414901733,0.008373538963496685,,,,,1,BOOST
388.9482727050781,,,,,-0.00208626058883965,-1.6077524423599243,0.00817181821912527,,,,,1,BOOST
411.71417236328125,,,,,-0.0015504431212320924,-1.6175748109817505,0.009622575715184212,,,,,1,BOOST
428.5911865234375,,,,,-0.001450207899324596,-1.6304676532745361,0.008999782614409924,,,,,1,BOOST
452.7995300292969,,,,,-0.0014289583778008819,-1.6698698997497559,0.009194514714181423,,,,,1,BOOST
478.7630615234375,,,,,-0.0010112968739122152,-1.7199177742004395,0.008021444082260132,,,,,1,BOOST
503.8213195800781,,,,,-0.001701532513834536,-1.7515349388122559,0.008292644284665585,,,,,1,BOOST
529.6455688476562,,,,,-0.0010949068237096071,-1.7636892795562744,0.008390313014388084,,,,,1,BOOST
550.5435791015625,,,,,-0.0010094058234244585,-1.7859604358673096,0.0062336428090929985,,,,,1,BOOST
576.0076904296875,,,,,0.0002613251272123307,-1.8263435363769531,0.005006350111216307,,,,,1,BOOST
599.4899291992188,,,,,-0.002394753508269787,-1.8644704818725586,0.004780065733939409,,,,,1,BOOST
623.06298828125,,,,,-0.001765633700415492,-1.8867405652999878,0.0046071503311395645,,,,,1,BOOST
647.7207641601562,,,,,-0.004406418651342392,-1.9044299125671387,0.002849603770300746,,,,,1,BOOST
672.052490234375,,,,,-0.005001598969101906,-1.9361155033111572,0.003944064024835825,,,,,1,BOOST
698.702392578125,,,,,-0.0038084841798990965,-1.9757009744644165,0.002317232545465231,,,,,1,BOOST
723.461181640625,,,,,-0.004728727042675018,-2.007387399673462,0.0025144475512206554,,,,,1,BOOST
748.0979614257812,,,,,-0.00600150553509593,-2.0308303833007812,0.00392110925167799,,,,,1,BOOST
773.1611328125,,,,,-0.008176805451512337,-2.058960437774658,0.0036492757499217987,,,,,1,BOOST
801.84423828125,,,,,-0.008444279432296753,-2.093766212463379,0.002939620753750205,,,,,1,BOOST
823.9345703125,,,,,-0.009641245007514954,-2.126391887664795,0.002390308305621147,,,,,1,BOOST
847.6142578125,,,,,-0.007125703152269125,-2.1530792713165283,0.0031551760621368885,,,,,1,BOOST
870.4609375,,,,,-0.007696676999330521,-2.1765918731689453,0.0034927360247820616,,,,,1,BOOST
891.3446044921875,,,,,-0.009041737765073776,-2.209458112716675,0.004755857400596142,,,,,1,BOOST
914.5868530273438,,,,,-0.008963893167674541,-2.2444651126861572,0.004469478968530893,,,,,1,BOOST
936.261962890625,,,,,-0.010440820828080177,-2.277101993560791,0.005593463312834501,,,,,1,BOOST
961.7108154296875,,,,,-0.011885732412338257,-2.304595708847046,0.004269384313374758,,,,,1,BOOST
983.0140380859375,,,,,-0.012582039460539818,-2.335843324661255,0.0026411195285618305,,,,,1,BOOST
1004.235595703125,,,,,-0.011731095612049103,-2.371919870376587,0.003666526870802045,,,,,1,BOOST
1028.657958984375,,,,,-0.012246320955455303,-2.4073567390441895,0.0046676150523126125,,,,,1,BOOST
1053.67431640625,,,,,-0.012109591625630856,-2.440032720565796,0.0035255143884569407,,,,,1,BOOST
1075.06640625,,,,,-0.014138001948595047,-2.4677069187164307,0.004153696820139885,,,,,1,BOOST
1095.9398193359375,,,,,-0.014380404725670815,-2.499626636505127,0.003931512124836445,,,,,1,BOOST
1116.9906005859375,,,,,-0.017063450068235397,-2.535550355911255,0.007590859197080135,,,,,1,BOOST
1141.637939453125,,,,,-0.01731455698609352,-2.574333429336548,0.009448414668440819,,,,,1,BOOST
1163.576416015625,,,,,-0.01647026464343071,-2.6066107749938965,0.008809199556708336,,,,,1,BOOST
1178.7716064453125,,,,,-0.017834190279245377,-2.640188694000244,0.01021080557256937,,,,,1,BOOST
1197.4088134765625,,,,,-0.019693413749337196,-2.6755638122558594,0.00997553113847971,,,,,1,BOOST
1217.1787109375,,,,,-0.019528333097696304,-2.713881254196167,0.0095693189650774,,,,,1,BOOST
1236.6402587890625,,,,,-0.022192874923348427,-2.7555959224700928,0.010854437947273254,,,,,1,BOOST
1255.5452880859375,,,,,-0.022451307624578476,-2.7929470539093018,0.01020848099142313,,,,,1,BOOST
1273.2547607421875,,,,,-0.023561745882034302,-2.8285930156707764,0.00901611428707838,,,,,1,BOOST
1297.90185546875,,,,,-0.02339239977300167,-2.8636908531188965,0.009854053147137165,,,,,1,BOOST
1313.865234375,,,,,-0.02500138059258461,-2.903345823287964,0.008810712024569511,,,,,1,BOOST
1334.2984619140625,,,,,-0.025520674884319305,-2.9459078311920166,0.007973033003509045,,,,,1,BOOST
1352.4786376953125,,,,,-0.027829013764858246,-2.98486328125,0.00912727415561676,,,,,1,BOOST
1369.306640625,,,,,-0.028747452422976494,-3.0213701725006104,0.007707370910793543,,,,,1,BOOST
1385.0166015625,,,,,-0.028903700411319733,-3.0589756965637207,0.0063511282205581665,,,,,1,BOOST
1401.91796875,,,,,-0.031141294166445732,-3.100694417953491,0.006844300776720047,,,,,1,BOOST
1417.9747314453125,,,,,-0.03238212689757347,-3.144174814224243,0.007579360622912645,,,,,3,COAST
1432.29541015625,,,,,-0.03535138815641403,-3.189784288406372,0.00666173966601491,,,,,3,COAST
1451.2928466796875,,,,,-0.03643721714615822,-3.2305660247802734,0.006605740170925856,,,,,3,COAST
1469.8758544921875,,,,,-0.03680235147476196,-3.2689602375030518,0.008072800934314728,,,,,3,COAST
1492.507080078125,,,,,-0.03886337950825691,-3.3110909461975098,0.0071079614572227,,,,,3,COAST
1510.264892578125,,,,,-0.03883622586727142,-3.3584043979644775,0.006075708661228418,,,,,3,COAST
1522.6756591796875,,,,,-0.03814876079559326,-3.403925895690918,0.006941057741641998,,,,,3,COAST
1540.199951171875,,,,,-0.038132354617118835,-3.4467971324920654,0.007320242002606392,,,,,3,COAST
1556.7916259765625,,,,,-0.040789030492305756,-3.491114854812622,0.009425980038940907,,,,,3,COAST
1577.561767578125,,,,,-0.04006986320018768,-3.537301778793335,0.011633767746388912,,,,,3,COAST
1593.183837890625,,,,,-0.04179264232516289,-3.5841379165649414,0.009519536979496479,,,,,3,COAST
1613.6085205078125,,,,,-0.043073832988739014,-3.6323506832122803,0.010528447106480598,,,,,3,COAST
1629.1314697265625,,,,,-0.04262419790029526,-3.6840124130249023,0.009296858683228493,,,,,3,COAST
1650.016357421875,,,,,-0.04387805238366127,-3.734387159347534,0.011604187078773975,,,,,3,COAST
1666.1845703125,,,,,-0.04390697926282883,-3.784128427505493,0.012597129680216312,,,,,3,COAST
1681.525390625,,,,,-0.045247357338666916,-3.8312225341796875,0.012819847092032433,,,,,3,COAST
1693.8138427734375,,,,,-0.04685480147600174,-3.8801796436309814,0.013084420002996922,,,,,3,COAST
1708.32080078125,,,,,-0.04574662819504738,-3.931769847869873,0.012356766499578953,,,,,7,ARMED
1723.6617431640625,,,,,-0.0465790294110775,-3.9829463958740234,0.01028336863964796,,,,,7,ARMED
1734.030517578125,,,,,-0.04941679909825325,-4.037245273590088,0.011110609397292137,,,,,7,ARMED
1750.6282958984375,,,,,-0.05049756169319153,-4.092593193054199,0.011843807063996792,,,,,7,ARMED
1764.4482421875,,,,,-0.0515543669462204,-4.146696090698242,0.012570328079164028,,,,,7,ARMED
1776.6424560546875,,,,,-0.05270971730351448,-4.199018955230713,0.011271423660218716,,,,,7,ARMED
1794.4532470703125,,,,,-0.05596916005015373,-4.252527713775635,0.011962663382291794,,,,,7,ARMED
1808.9703369140625,,,,,-0.05736060440540314,-4.306402683258057,0.012041144073009491,,,,,7,ARMED
1825.5565185546875,,,,,-0.057617101818323135,-4.363533973693848,0.013115455396473408,,,,,7,ARMED
1839.5347900390625,,,,,-0.06239774078130722,-4.423271179199219,0.01117350347340107,,,,,7,ARMED
1853.408935546875,,,,,-0.0640236884355545,-4.482550621032715,0.012284915894269943,,,,,7,ARMED
1866.8743896484375,,,,,-0.06537802517414093,-4.542911052703857,0.012573299929499626,,,,,7,ARMED
1880.503173828125,,,,,-0.06418310850858688,-4.60272216796875,0.012969993986189365,,,,,7,ARMED
1899.267333984375,,,,,-0.06785900890827179,-4.659798622131348,0.013885218650102615,,,,,7,ARMED
1910.935546875,,,,,-0.07171424478292465,-4.718151569366455,0.013789630495011806,,,,,7,ARMED
1926.7210693359375,,,,,-0.0762426108121872,-4.779938697814941,0.013813971541821957,,,,,7,ARMED
1942.3782958984375,,,,,-0.07595846056938171,-4.8447065353393555,0.013199323788285255,,,,,7,ARMED
1961.6290283203125,,,,,-0.07580860704183578,-4.912256717681885,0.012615134008228779,,,,,7,ARMED
1974.79833984375,,,,,-0.07931605726480484,-4.978234767913818,0.01302559208124876,,,,,7,ARMED
1992.4168701171875,,,,,-0.0797344520688057,-5.04360818862915,0.01383531466126442,,,,,7,ARMED
2004.8564453125,,,,,-0.08100124448537827,-5.108514785766602,0.01345841959118843,,,,,7,ARMED
1732.4207763671875,,,,,-0.08328727632761002,-5.174853801727295,0.015489171259105206,,,,,7,ARMED
1762.884521484375,,,,,-0.08675629645586014,-5.241698741912842,0.016443558037281036,,,,,7,ARMED
1797.3802490234375,,,,,-0.0866897776722908,-5.315707206726074,0.01662079617381096,,,,,7,ARMED
1835.22802734375,,,,,-0.08879093080759048,-5.388020038604736,0.015501393005251884,,,,,7,ARMED
1869.1661376953125,,,,,-0.09112413227558136,-5.463953495025635,0.016540655866265297,,,,,7,ARMED
1896.982421875,,,,,-0.0915481224656105,-5.538398742675781,0.01772908680140972,,,,,7,ARMED
1927.310302734375,,,,,-0.09373685717582703,-5.613326072692871,0.01750347949564457,,,,,7,ARMED
1958.2711181640625,,,,,-0.09558077156543732,-5.686448097229004,0.019040361046791077,,,,,7,ARMED
1986.292724609375,,,,,-0.09716315567493439,-5.759796619415283,0.021277623251080513,,,,,7,ARMED
2015.445556640625,,,,,-0.09843641519546509,-5.83462381362915,0.023413456976413727,,,,,7,ARMED
2044.07421875,,,,,-0.10056591778993607,-5.913507461547852,0.02392732910811901,,,,,7,ARMED
2066.690185546875,,,,,-0.10199584811925888,-5.995136737823486,0.025231562554836273,,,,,7,ARMED
2088.987548828125,,,,,-0.10414011031389236,-6.077368259429932,0.024112755432724953,,,,,7,ARMED
2110.7275390625,,,,,-0.10413199663162231,-6.162272930145264,0.023736756294965744,,,,,7,ARMED
2133.30078125,,,,,-0.10725419968366623,-6.249491214752197,0.02481420338153839,,,,,7,ARMED
2156.080322265625,,,,,-0.10945252329111099,-6.335512161254883,0.024745797738432884,,,,,7,ARMED
2180.132080078125,,,,,-0.10968220978975296,-6.420314788818359,0.024372845888137817,,,,,7,ARMED
2204.510986328125,,,,,-0.10993854701519012,-6.506519317626953,0.024407926946878433,,,,,7,ARMED
2224.69482421875,,,,,-0.11149467527866364,-6.596226692199707,0.022945493459701538,,,,,7,ARMED
2251.629150390625,,,,,-0.11331941932439804,-6.685502529144287,0.021146483719348907,,,,,7,ARMED
2271.658203125,,,,,-0.1168091893196106,-6.779455184936523,0.021176354959607124,,,,,7,ARMED
2288.326416015625,,,,,-0.11860398203134537,-6.875665187835693,0.02203276939690113,,,,,7,ARMED
2305.576171875,,,,,-0.11776585876941681,-6.973076820373535,0.02213410660624504,,,,,7,ARMED
2326.694580078125,,,,,-0.11916250735521317,-7.0720534324646,0.023393576964735985,,,,,7,ARMED
2339.9033203125,,,,,-0.11945860832929611,-7.174086570739746,0.020056964829564095,,,,,7,ARMED
2354.553466796875,,,,,-0.11849044263362885,-7.273355007171631,0.019002847373485565,,,,,7,ARMED
2374.132568359375,,,,,-0.12102288007736206,-7.375147819519043,0.01809476688504219,,,,,7,ARMED
2391.72802734375,,,,,-0.1215210035443306,-7.479909420013428,0.018120864406228065,,,,,7,ARMED
2408.3701171875,,,,,-0.12342249602079391,-7.584444522857666,0.018786029890179634,,,,,7,ARMED
2420.543701171875,,,,,-0.12768471240997314,-7.69178581237793,0.017660023644566536,,,,,7,ARMED
2431.118408203125,,,,,-0.1284664124250412,-7.80355167388916,0.017738131806254387,,,,,7,ARMED
2444.2578125,,,,,-0.12877078354358673,-7.917064666748047,0.018254099413752556,,,,,7,ARMED
2453.195556640625,,,,,-0.12903812527656555,-8.034588813781738,0.016989409923553467,,,,,7,ARMED
2464.12744140625,,,,,-0.1293976753950119,-8.153898239135742,0.016749873757362366,,,,,7,ARMED
2474.92236328125,,,,,-0.12954291701316833,-8.272578239440918,0.018488354980945587,,,,,7,ARMED
2487.003662109375,,,,,-0.13240033388137817,-8.39411735534668,0.018642570823431015,,,,,7,ARMED
2499.5712890625,,,,,-0.1326591670513153,-8.51844596862793,0.0180898979306221,,,,,7,ARMED
2509.576904296875,,,,,-0.1347365379333496,-8.642295837402344,0.019241591915488243,,,,,7,ARMED
2517.767822265625,,,,,-0.13643069565296173,-8.76931381225586,0.01848490722477436,,,,,7,ARMED
2524.011474609375,,,,,-0.13700905442237854,-8.899601936340332,0.02024378627538681,,,,,7,ARMED
2535.129150390625,,,,,-0.13844901323318481,-9.03405475616455,0.021519605070352554,,,,,7,ARMED
2543.3134765625,,,,,-0.14145702123641968,-9.171368598937988,0.021750444546341896,,,,,7,ARMED
2554.13671875,,,,,-0.1422339230775833,-9.311178207397461,0.022196438163518906,,,,,7,ARMED
2563.157958984375,,,,,-0.14410364627838135,-9.453277587890625,0.02224368043243885,,,,,7,ARMED
2568.923583984375,,,,,-0.14690983295440674,-9.598395347595215,0.02198459953069687,,,,,7,ARMED
2572.8857421875,,,,,-0.14987125992774963,-9.744978904724121,0.022152598947286606,,,,,7,ARMED
2579.485107421875,,,,,-0.1520100235939026,-9.895920753479004,0.023100441321730614,,,,,7,ARMED
2584.462890625,,,,,-0.1576576679944992,-10.048361778259277,0.022395852953195572,,,,,7,ARMED
2592.3818359375,,,,,-0.15963579714298248,-10.20343017578125,0.020955409854650497,,,,,7,ARMED
2597.802001953125,,,,,-0.16322414577007294,-10.360384941101074,0.021677182987332344,,,,,7,ARMED
2604.64404296875,,,,,-0.16563032567501068,-10.52464771270752,0.021845167502760887,,,,,7,ARMED
2609.315673828125,,,,,-0.16722515225410461,-10.6896390914917,0.02227255515754223,,,,,7,ARMED
2615.7578125,,,,,-0.16985413432121277,-10.860767364501953,0.021625343710184097,,,,,7,ARMED
2620.722412109375,,,,,-0.1709052473306656,-11.034602165222168,0.023076435551047325,,,,,7,ARMED
2624.752197265625,,,,,-0.17475013434886932,-11.213229179382324,0.024426085874438286,,,,,7,ARMED
2630.5751953125,,,,,-0.17865364253520966,-11.395873069763184,0.02824310027062893,,,,,7,ARMED
2632.647216796875,,,,,-0.1800135374069214,-11.582348823547363,0.03065136820077896,,,,,7,ARMED
2637.526611328125,,,,,-0.18414361774921417,-11.775333404541016,0.032043810933828354,,,,,7,ARMED
2650.19580078125,,,,,-0.18741540610790253,-11.96981143951416,0.03299647942185402,,,,,7,ARMED
2654.267333984375,,,,,-0.18993955850601196,-12.16811752319336,0.03398575261235237,,,,,7,ARMED
2665.354248046875,,,,,-0.19067977368831635,-12.370746612548828,0.035182107239961624,,,,,7,ARMED
2672.937744140625,,,,,-0.1900506317615509,-12.576370239257812,0.03651132434606552,,,,,7,ARMED
2682.784912109375,,,,,-0.19482538104057312,-12.788585662841797,0.03521629050374031,,,,,7,ARMED
2688.81298828125,,,,,-0.19686365127563477,-13.007325172424316,0.034950610250234604,,,,,7,ARMED
2693.125732421875,,,,,-0.19963666796684265,-13.233226776123047,0.03644909709692001,,,,,7,ARMED
2698.0986328125,,,,,-0.20214293897151947,-13.46291732788086,0.036925069987773895,,,,,7,ARMED
2705.237548828125,,,,,-0.2052108347415924,-13.696803092956543,0.03839317709207535,,,,,7,ARMED
2713.896240234375,,,,,-0.2090914100408554,-13.937159538269043,0.03884544223546982,,,,,7,ARMED
2720.104736328125,,,,,-0.21270158886909485,-14.184920310974121,0.03918324038386345,,,,,7,ARMED
2726.56884765625,,,,,-0.21513941884040833,-14.442037582397461,0.04143991321325302,,,,,7,ARMED
2733.35498046875,,,,,-0.21931186318397522,-14.704756736755371,0.04322253167629242,,,,,7,ARMED
2736.22216796875,,,,,-0.22239477932453156,-14.9729585647583,0.04444364830851555,,,,,7,ARMED
2744.545166015625,,,,,-0.22822979092597961,-15.248689651489258,0.04502042382955551,,,,,7,ARMED
2752.9482421875,,,,,-0.23359327018260956,-15.530652046203613,0.04647568240761757,,,,,7,ARMED
2760.55419921875,,,,,-0.23750761151313782,-15.819296836853027,0.04795379936695099,,,,,7,ARMED
2766.30419921875,,,,,-0.24106809496879578,-16.11655616760254,0.0489131361246109,,,,,7,ARMED
2768.728271484375,,,,,-0.24602128565311432,-16.42093276977539,0.04957741126418114,,,,,7,ARMED
2773.454345703125,,,,,-0.2512510120868683,-16.73564910888672,0.050943803042173386,,,,,7,ARMED
2780.582763671875,,,,,-0.253755658864975,-17.05686378479004,0.051131028681993484,,,,,7,ARMED
2788.635986328125,,,,,-0.2578858733177185,-17.39000701904297,0.052330419421195984,,,,,7,ARMED
2794.6435546875,,,,,-0.2625380754470825,-17.731643676757812,0.05391683802008629,,,,,7,ARMED
2798.228271484375,,,,,-0.2654021084308624,-18.081369400024414,0.055405162274837494,,,,,7,ARMED
2801.58740234375,,,,,-0.27149227261543274,-18.442405700683594,0.05895918607711792,,,,,7,ARMED
2808.420654296875,,,,,-0.2749943435192108,-18.816871643066406,0.06087819114327431,,,,,7,ARMED
2812.8837890625,,,,,-0.2798037528991699,-19.202829360961914,0.06366212666034698,,,,,7,ARMED
2820.052490234375,,,,,-0.28656458854675293,-19.601177215576172,0.06507990509271622,,,,,7,ARMED
2826.410400390625,,,,,-0.29077282547950745,-20.010555267333984,0.06720446050167084,,,,,7,ARMED
2831.9326171875,,,,,-0.2954511344432831,-20.433242797851562,0.06677398085594177,,,,,7,ARMED
2837.238525390625,,,,,-0.3005286753177643,-20.866674423217773,0.0675094947218895,,,,,7,ARMED
2842.613037109375,,,,,-0.30529698729515076,-21.31401824951172,0.06970739364624023,,,,,7,ARMED
2850.882080078125,,,,,-0.3104979395866394,-21.77610969543457,0.07290340214967728,,,,,7,ARMED
2856.71875,,,,,-0.3151203989982605,-22.251819610595703,0.07333189994096756,,,,,7,ARMED
2863.30224609375,,,,,-0.3220655024051666,-22.74571990966797,0.07476174086332321,,,,,7,ARMED
2865.2421875,,,,,-0.3297649919986725,-23.255502700805664,0.07635612785816193,,,,,7,ARMED
2867.710693359375,,,,,-0.33662882447242737,-23.781604766845703,0.07802825421094894,,,,,7,ARMED
2874.39892578125,,,,,-0.34509024024009705,-24.325345993041992,0.0802231878042221,,,,,7,ARMED
2876.40625,,,,,-0.3508704900741577,-24.886829376220703,0.08189167827367783,,,,,7,ARMED
2879.56494140625,,,,,-0.35657936334609985,-25.46876335144043,0.08551973104476929,,,,,7,ARMED
2883.294921875,,,,,-0.36229875683784485,-26.07404899597168,0.08934085816144943,,,,,7,ARMED
2888.875,,,,,-0.3700190782546997,-26.69813346862793,0.09299304336309433,,,,,7,ARMED
2893.157470703125,,,,,-0.37907204031944275,-27.342193603515625,0.09726030379533768,,,,,7,ARMED
2894.68359375,,,,,-0.3857778012752533,-28.012041091918945,0.09973045438528061,,,,,7,ARMED
2899.437255859375,,,,,-0.39132580161094666,-28.70306396484375,0.10328786075115204,,,,,7,ARMED
2906.568359375,,,,,-0.40085843205451965,-29.419424057006836,0.10980202257633209,,,,,7,ARMED
2910.9912109375,,,,,-0.40833690762519836,-30.16551971435547,0.11449328809976578,,,,,7,ARMED
2914.010009765625,,,,,-0.415820449590683,-30.936372756958008,0.11982543766498566,,,,,7,ARMED
2915.541015625,,,,,-0.42677414417266846,-31.737871170043945,0.12523268163204193,,,,,7,ARMED
2918.697509765625,,,,,-0.4357755780220032,-32.569061279296875,0.13222022354602814,,,,,7,ARMED
2919.43359375,,,,,-0.4431113004684448,-33.4294548034668,0.1377972513437271,,,,,7,ARMED
2921.408203125,,,,,-0.4522179067134857,-34.326168060302734,0.14172665774822235,,,,,7,ARMED
2928.69091796875,,,,,-0.4607553780078888,-35.2525520324707,0.14504772424697876,,,,,7,ARMED
2930.229248046875,,,,,-0.4687521457672119,-36.216304779052734,0.15073132514953613,,,,,7,ARMED
2929.107421875,,,,,-0.47869691252708435,-37.21564483642578,0.16045686602592468,,,,,7,ARMED
2934.35888671875,,,,,-0.4891713261604309,-38.25430679321289,0.16874030232429504,,,,,7,ARMED
2938.228515625,,,,,-0.49920380115509033,-39.33445358276367,0.17665666341781616,,,,,7,ARMED
2937.714111328125,,,,,-0.511114776134491,-40.45554733276367,0.18590380251407623,,,,,7,ARMED
2942.41748046875,,,,,-0.5230841636657715,-41.62123107910156,0.19428136944770813,,,,,7,ARMED
2946.685302734375,,,,,-0.5340781211853027,-42.830467224121094,0.20241843163967133,,,,,7,ARMED
2946.519287109375,,,,,-0.5448156595230103,-44.08610916137695,0.21252216398715973,,,,,7,ARMED
2947.251953125,,,,,-0.554602324962616,-45.38815689086914,0.22491352260112762,,,,,7,ARMED
2948.346435546875,,,,,-0.5665160417556763,-46.74222183227539,0.23813582956790924,,,,,7,ARMED
2949.377197265625,,,,,-0.5788171887397766,-48.14928436279297,0.25001874566078186,,,,,7,ARMED
2954.365478515625,,,,,-0.5899537801742554,-49.60695266723633,0.2613998353481293,,,,,7,ARMED
2955.69970703125,,,,,-0.6005547642707825,-51.1241569519043,0.2762870192527771,,,,,7,ARMED
2955.19873046875,,,,,-0.6125656366348267,-52.6984748840332,0.2872827649116516,,,,,7,ARMED
2953.683349609375,,,,,-0.6249130964279175,-54.33029556274414,0.30290132761001587,,,,,7,ARMED
2957.362548828125,,,,,-0.6384731531143188,-56.02511978149414,0.3192846477031708,,,,,7,ARMED
2958.82177734375,,,,,-0.6499293446540833,-57.78408432006836,0.3372640609741211,,,,,7,ARMED
2957.144287109375,,,,,-0.6611534357070923,-59.60749053955078,0.3555302321910858,,,,,7,ARMED
2959.74072265625,,,,,-0.6716057062149048,-61.497276306152344,0.37635236978530884,,,,,7,ARMED
2960.0673828125,,,,,-0.6816982626914978,-63.4525260925293,0.3970763683319092,,,,,7,ARMED
2957.81298828125,,,,,-0.6912828087806702,-65.47967529296875,0.4197497069835663,,,,,7,ARMED
2957.58642578125,,,,,-0.6998750567436218,-67.5744857788086,0.4418121576309204,,,,,7,ARMED
2956.62548828125,,,,,-0.7106324434280396,-69.74019622802734,0.4642046391963959,,,,,7,ARMED
2951.79296875,,,,,-0.7190322875976562,-71.9795913696289,0.48808181285858154,,,,,31,APOGEE (Açı)
2950.896484375,,,,,-0.7258564233779907,-74.28915405273438,0.5138300061225891,,,,,63,DROGUE DESC
2947.8994140625,,,,,-0.7319290637969971,-76.67031860351562,0.5405372977256775,,,,,63,DROGUE DESC
2949.72607421875,,,,,-0.7374736666679382,-79.11888122558594,0.5695449709892273,,,,,63,DROGUE DESC
2948.655517578125,,,,,-0.7408036589622498,-81.63702392578125,0.5985799431800842,,,,,575,DROGUE DESC
2948.265380859375,,,,,-0.7443928718566895,-84.22411346435547,0.626859188079834,,,,,575,DROGUE DESC
2944.56689453125,,,,,-0.7475886344909668,-86.87629699707031,0.6583465933799744,,,,,575,DROGUE DESC
2943.886474609375,,,,,-0.7499930262565613,-89.58956909179688,0.6936331987380981,,,,,575,DROGUE DESC
2942.54248046875,,,,,-0.7483205795288086,-92.3589096069336,0.7259708046913147,,,,,575,DROGUE DESC
2944.596435546875,,,,,-0.7471532821655273,-95.17945861816406,0.7591332793235779,,,,,575,DROGUE DESC
2944.000732421875,,,,,-0.7440346479415894,-98.04063415527344,0.7941754460334778,,,,,575,DROGUE DESC
2943.080078125,,,,,-0.7392387986183167,-100.93624877929688,0.8282366394996643,,,,,575,DROGUE DESC
2942.644775390625,,,,,-0.7336733341217041,-103.85614013671875,0.8574234843254089,,,,,575,DROGUE DESC
2940.488525390625,,,,,-0.724947988986969,-106.7873306274414,0.8887719511985779,,,,,575,DROGUE DESC
2943.531005859375,,,,,-0.7146540284156799,-109.7162094116211,0.920333981513977,,,,,575,DROGUE DESC
2942.34716796875,,,,,-0.7023171782493591,-112.63055419921875,0.9500327706336975,,,,,575,DROGUE DESC
2944.3837890625,,,,,-0.6883610486984253,-115.50794982910156,0.9775869250297546,,,,,575,DROGUE DESC
2941.770263671875,,,,,-0.6749708652496338,-118.33122253417969,1.0060756206512451,,,,,575,DROGUE DESC
2942.888671875,,,,,-0.6597342491149902,-121.08499145507812,1.033331274986267,,,,,575,DROGUE DESC
2943.640625,,,,,-0.642173171043396,-123.74576568603516,1.0612738132476807,,,,,575,DROGUE DESC
2941.391357421875,,,,,-0.6270154714584351,-126.29190826416016,1.0854421854019165,,,,,575,DROGUE DESC
2946.201416015625,,,,,-0.6119720935821533,-128.6993865966797,1.106518030166626,,,,,575,DROGUE DESC
2945.01708984375,,,,,-0.5938138365745544,-130.9466094970703,1.125241756439209,,,,,575,DROGUE DESC
2942.427001953125,,,,,-0.5810210704803467,-133.01495361328125,1.1429917812347412,,,,,575,DROGUE DESC
2941.9619140625,,,,,-0.5684064626693726,-134.88217163085938,1.1579710245132446,,,,,575,DROGUE DESC
2941.931640625,,,,,-0.5556858777999878,-136.5348358154297,1.17107355594635,,,,,575,DROGUE DESC
2939.492919921875,,,,,-0.5448489189147949,-137.95724487304688,1.1797579526901245,,,,,575,DROGUE DESC
2933.954833984375,,,,,-0.534696638584137,-139.1405029296875,1.1888771057128906,,,,,575,DROGUE DESC
2935.564453125,,,,,-0.5262330174446106,-140.0791778564453,1.1942368745803833,,,,,575,DROGUE DESC
2932.8603515625,,,,,-0.5205435156822205,-140.7750244140625,1.1988060474395752,,,,,575,DROGUE DESC
2931.942626953125,,,,,-0.5179773569107056,-141.2366485595703,1.201704978942871,,,,,575,DROGUE DESC
2929.843505859375,,,,,-0.5164577960968018,-141.4784393310547,1.203378438949585,,,,,575,DROGUE DESC
2927.618896484375,,,,,-0.5150312781333923,-141.52386474609375,1.2049851417541504,,,,,575,DROGUE DESC
2921.441162109375,,,,,-0.5158556699752808,-141.39828491210938,1.2036514282226562,,,,,575,DROGUE DESC
2921.120849609375,,,,,-0.5164597630500793,-141.14076232910156,1.2027130126953125,,,,,575,DROGUE DESC
2919.5068359375,,,,,-0.5196417570114136,-140.7918701171875,1.199208378791809,,,,,575,DROGUE DESC
2916.794189453125,,,,,-0.5214463472366333,-140.39935302734375,1.1987435817718506,,,,,575,DROGUE DESC
2914.267578125,,,,,-0.5246004462242126,-140.01609802246094,1.1973114013671875,,,,,575,DROGUE DESC
2911.743896484375,,,,,-0.5291300415992737,-139.69151306152344,1.194179892539978,,,,,575,DROGUE DESC
2909.650390625,,,,,-0.5302242040634155,-139.47335815429688,1.191237211227417,,,,,575,DROGUE DESC
2905.5791015625,,,,,-0.5306730270385742,-139.40870666503906,1.1897649765014648,,,,,575,DROGUE DESC
2897.433837890625,,,,,-0.5287704467773438,-139.5436553955078,1.1911863088607788,,,,,575,DROGUE DESC
2893.430419921875,,,,,-0.5282008647918701,-139.90174865722656,1.1953927278518677,,,,,575,DROGUE DESC
2888.221435546875,,,,,-0.5246549844741821,-140.50169372558594,1.1982390880584717,,,,,575,DROGUE DESC
2885.94287109375,,,,,-0.5157097578048706,-141.3472900390625,1.2065503597259521,,,,,575,DROGUE DESC
2877.305908203125,,,,,-0.5047570466995239,-142.43017578125,1.2139997482299805,,,,,575,DROGUE DESC
2869.48828125,,,,,-0.4947333335876465,-143.71961975097656,1.2244236469268799,,,,,575,DROGUE DESC
2864.43603515625,,,,,-0.48176249861717224,-145.17288208007812,1.2353863716125488,,,,,575,DROGUE DESC
2865.133056640625,,,,,-0.46639883518218994,-146.7393341064453,1.245889663696289,,,,,575,DROGUE DESC
2856.49658203125,,,,,-0.4536750316619873,-148.34312438964844,1.253358244895935,,,,,575,DROGUE DESC
2851.008544921875,,,,,-0.4392092525959015,-149.9167022705078,1.2608712911605835,,,,,575,DROGUE DESC
2845.14404296875,,,,,-0.4266450107097626,-151.38180541992188,1.2661139965057373,,,,,575,DROGUE DESC
2844.702392578125,,,,,-0.4149029850959778,-152.66212463378906,1.2702999114990234,,,,,575,DROGUE DESC
2839.009033203125,,,,,-0.4046713709831238,-153.7035369873047,1.2776293754577637,,,,,575,DROGUE DESC
2831.934814453125,,,,,-0.39530280232429504,-154.45462036132812,1.2818275690078735,,,,,575,DROGUE DESC
2826.690185546875,,,,,-0.3904644846916199,-154.89382934570312,1.2852461338043213,,,,,575,DROGUE DESC
2819.833740234375,,,,,-0.387792706489563,-155.0174560546875,1.2881416082382202,,,,,575,DROGUE DESC
2814.906982421875,,,,,-0.3906087875366211,-154.8502960205078,1.286339282989502,,,,,575,DROGUE DESC
2812.331787109375,,,,,-0.3950157165527344,-154.44552612304688,1.2841827869415283,,,,,575,DROGUE DESC
2808.4833984375,,,,,-0.40148791670799255,-153.87315368652344,1.2793318033218384,,,,,575,DROGUE DESC
2803.75732421875,,,,,-0.406110554933548,-153.21853637695312,1.277201533317566,,,,,575,DROGUE DESC
2797.36181640625,,,,,-0.4129481911659241,-152.58204650878906,1.2728993892669678,,,,,575,DROGUE DESC
2789.75537109375,,,,,-0.4202433228492737,-152.06005859375,1.269765853881836,,,,,575,DROGUE DESC
2784.040283203125,,,,,-0.4232845902442932,-151.7433319091797,1.2675896883010864,,,,,575,DROGUE DESC
2773.51708984375,,,,,-0.4250454306602478,-151.69354248046875,1.2691106796264648,,,,,575,DROGUE DESC
2767.68359375,,,,,-0.42447927594184875,-151.9464569091797,1.2740329504013062,,,,,575,DROGUE DESC
2762.610595703125,,,,,-0.4190298616886139,-152.50656127929688,1.2787724733352661,,,,,575,DROGUE DESC
2755.48828125,,,,,-0.4096498489379883,-153.34071350097656,1.2827481031417847,,,,,575,DROGUE DESC
2752.5732421875,,,,,-0.39972198009490967,-154.37979125976562,1.2896422147750854,,,,,575,DROGUE DESC
2746.855224609375,,,,,-0.3884977102279663,-155.52749633789062,1.2949217557907104,,,,,575,DROGUE DESC
2743.49658203125,,,,,-0.3773755729198456,-156.67587280273438,1.298995852470398,,,,,575,DROGUE DESC
2734.936767578125,,,,,-0.36599472165107727,-157.71690368652344,1.305357813835144,,,,,575,DROGUE DESC
2731.092041015625,,,,,-0.35533401370048523,-158.54833984375,1.309436559677124,,,,,575,DROGUE DESC
2724.047119140625,,,,,-0.34946224093437195,-159.09425354003906,1.3106322288513184,,,,,575,DROGUE DESC
2716.481689453125,,,,,-0.3472853899002075,-159.31968688964844,1.3118962049484253,,,,,575,DROGUE DESC
2709.059814453125,,,,,-0.34954479336738586,-159.2359619140625,1.310876488685608,,,,,575,DROGUE DESC
2701.495849609375,,,,,-0.3537183403968811,-158.89031982421875,1.3075909614562988,,,,,575,DROGUE DESC
2694.12939453125,,,,,-0.35983118414878845,-158.37950134277344,1.3046393394470215,,,,,575,DROGUE DESC
2685.01318359375,,,,,-0.3644084632396698,-157.81614685058594,1.3018916845321655,,,,,575,DROGUE DESC
2677.4541015625,,,,,-0.36917656660079956,-157.32225036621094,1.3006696701049805,,,,,575,DROGUE DESC
2668.589599609375,,,,,-0.3732620179653168,-157.00823974609375,1.2985384464263916,,,,,575,DROGUE DESC
2662.278564453125,,,,,-0.3746470808982849,-156.9539031982422,1.2968872785568237,,,,,575,DROGUE DESC
2655.5439453125,,,,,-0.37352511286735535,-157.19711303710938,1.2952494621276855,,,,,575,DROGUE DESC
2648.519287109375,,,,,-0.36788350343704224,-157.71986389160156,1.2960712909698486,,,,,575,DROGUE DESC
2641.49658203125,,,,,-0.3615764379501343,-158.46112060546875,1.298909068107605,,,,,575,DROGUE DESC
2633.785400390625,,,,,-0.3547773063182831,-159.3155975341797,1.304620623588562,,,,,575,DROGUE DESC
2623.32275390625,,,,,-0.3453960418701172,-160.15509033203125,1.3077789545059204,,,,,575,DROGUE DESC
2615.768310546875,,,,,-0.3379199802875519,-160.85719299316406,1.308187484741211,,,,,575,DROGUE DESC
2607.259521484375,,,,,-0.33628788590431213,-161.32957458496094,1.309206485748291,,,,,575,DROGUE DESC
2597.84423828125,,,,,-0.33514416217803955,-161.5192413330078,1.3111315965652466,,,,,575,DROGUE DESC
2586.34814453125,,,,,-0.33574581146240234,-161.430908203125,1.3117425441741943,,,,,575,DROGUE DESC
2578.722900390625,,,,,-0.34000611305236816,-161.1276397705078,1.3089035749435425,,,,,575,DROGUE DESC
2569.32666015625,,,,,-0.3450643718242645,-160.71072387695312,1.3076850175857544,,,,,575,DROGUE DESC
2559.40625,,,,,-0.3499835431575775,-160.30592346191406,1.3045172691345215,,,,,575,DROGUE DESC
2549.274169921875,,,,,-0.3509179949760437,-160.03741455078125,1.3052772283554077,,,,,575,DROGUE DESC
2543.72509765625,,,,,-0.3527335226535797,-159.98941040039062,1.3075122833251953,,,,,575,DROGUE DESC
2539.099609375,,,,,-0.3513549566268921,-160.1961212158203,1.3069592714309692,,,,,575,DROGUE DESC
2533.034423828125,,,,,-0.3467285633087158,-160.63894653320312,1.3078182935714722,,,,,575,DROGUE DESC
2523.4189453125,,,,,-0.34102168679237366,-161.2352752685547,1.3101327419281006,,,,,575,DROGUE DESC
2510.249755859375,,,,,-0.33437782526016235,-161.87307739257812,1.311916470527649,,,,,575,DROGUE DESC
2496.79150390625,,,,,-0.3289758563041687,-162.42604064941406,1.310465931892395,,,,,575,DROGUE DESC
2485.08154296875,,,,,-0.3247775435447693,-162.7989044189453,1.312219500541687,,,,,575,DROGUE DESC
2479.945556640625,,,,,-0.32357579469680786,-162.93515014648438,1.3130053281784058,,,,,575,DROGUE DESC
2473.77099609375,,,,,-0.3231945335865021,-162.84434509277344,1.312660574913025,,,,,575,DROGUE DESC
2465.0390625,,,,,-0.32483991980552673,-162.59266662597656,1.3111865520477295,,,,,575,DROGUE DESC
2454.97900390625,,,,,-0.3263973295688629,-162.2908477783203,1.3108116388320923,,,,,575,DROGUE DESC
2446.0361328125,,,,,-0.3277320861816406,-162.0569610595703,1.3076668977737427,,,,,575,DROGUE DESC
2435.48876953125,,,,,-0.32962673902511597,-161.9803466796875,1.3071520328521729,,,,,575,DROGUE DESC
2431.42626953125,,,,,-0.3291962742805481,-162.11190795898438,1.3071722984313965,,,,,575,DROGUE DESC
2420.092529296875,,,,,-0.3271714150905609,-162.4393310546875,1.308568000793457,,,,,575,DROGUE DESC
2410.258544921875,,,,,-0.32313990592956543,-162.88970947265625,1.310468316078186,,,,,575,DROGUE DESC
2400.793212890625,,,,,-0.3195655941963196,-163.35699462890625,1.3111608028411865,,,,,575,DROGUE DESC
2389.26171875,,,,,-0.3141816556453705,-163.7333526611328,1.315426230430603,,,,,575,DROGUE DESC
2378.660888671875,,,,,-0.3117094933986664,-163.94090270996094,1.317477822303772,,,,,575,DROGUE DESC
2366.5107421875,,,,,-0.309806227684021,-163.9605255126953,1.31661856174469,,,,,575,DROGUE DESC
2354.057373046875,,,,,-0.30950063467025757,-163.82431030273438,1.3159725666046143,,,,,575,DROGUE DESC
2344.946044921875,,,,,-0.3121975362300873,-163.6227264404297,1.314477801322937,,,,,575,DROGUE DESC
2332.072021484375,,,,,-0.3153318464756012,-163.4556121826172,1.3167271614074707,,,,,575,DROGUE DESC
2321.421630859375,,,,,-0.31421035528182983,-163.41387939453125,1.3171281814575195,,,,,575,DROGUE DESC
2310.710693359375,,,,,-0.31392645835876465,-163.53414916992188,1.3202685117721558,,,,,575,DROGUE DESC
2297.98388671875,,,,,-0.3121171295642853,-163.80239868164062,1.3209617137908936,,,,,575,DROGUE DESC
2285.668701171875,,,,,-0.31188061833381653,-164.1495819091797,1.3242619037628174,,,,,575,DROGUE DESC
2271.720947265625,,,,,-0.3078865110874176,-164.47921752929688,1.3264005184173584,,,,,575,DROGUE DESC
2261.044189453125,,,,,-0.30422869324684143,-164.71009826660156,1.3284069299697876,,,,,575,DROGUE DESC
2253.85986328125,,,,,-0.30327868461608887,-164.7953643798828,1.3285984992980957,,,,,575,DROGUE DESC
2245.257080078125,,,,,-0.30422261357307434,-164.74424743652344,1.3281790018081665,,,,,575,DROGUE DESC
2237.676025390625,,,,,-0.30492517352104187,-164.61941528320312,1.3279584646224976,,,,,575,DROGUE DESC
2225.301513671875,,,,,-0.30571553111076355,-164.50308227539062,1.327414631843567,,,,,575,DROGUE DESC
2216.736328125,,,,,-0.30591896176338196,-164.47508239746094,1.3271557092666626,,,,,575,DROGUE DESC
2204.860595703125,,,,,-0.3051597774028778,-164.57284545898438,1.3263453245162964,,,,,575,DROGUE DESC
2189.510009765625,,,,,-0.3027596175670624,-164.78338623046875,1.3271185159683228,,,,,575,DROGUE DESC
2176.574951171875,,,,,-0.30174770951271057,-165.04733276367188,1.325256109237671,,,,,575,DROGUE DESC
2169.240478515625,,,,,-0.2984342575073242,-165.28414916992188,1.326281189918518,,,,,575,DROGUE DESC
2157.38623046875,,,,,-0.2971503734588623,-165.43057250976562,1.326930046081543,,,,,575,DROGUE DESC
2146.710693359375,,,,,-0.29833176732063293,-165.4639434814453,1.3269994258880615,,,,,575,DROGUE DESC
2131.847412109375,,,,,-0.29860612750053406,-165.4109344482422,1.3269788026809692,,,,,575,DROGUE DESC
2116.7080078125,,,,,-0.30191609263420105,-165.33164978027344,1.3271647691726685,,,,,575,DROGUE DESC
2105.836669921875,,,,,-0.3028896749019623,-165.2987823486328,1.329087257385254,,,,,575,DROGUE DESC
2091.849853515625,,,,,-0.3038247525691986,-165.35450744628906,1.3275471925735474,,,,,575,DROGUE DESC
2079.593505859375,,,,,-0.3016998767852783,-165.5013885498047,1.3284907341003418,,,,,575,DROGUE DESC
2067.06884765625,,,,,-0.30170512199401855,-165.69833374023438,1.3295332193374634,,,,,575,DROGUE DESC
2055.1943359375,,,,,-0.30026477575302124,-165.8824920654297,1.3313068151474,,,,,575,DROGUE DESC
2041.1708984375,,,,,-0.29928627610206604,-166.0021514892578,1.3296852111816406,,,,,575,DROGUE DESC
2028.138916015625,,,,,-0.2992367148399353,-166.0369415283203,1.3296844959259033,,,,,575,DROGUE DESC
2012.052734375,,,,,-0.2991853654384613,-166.00917053222656,1.3291994333267212,,,,,575,DROGUE DESC
1997.961669921875,,,,,-0.300835520029068,-165.97189331054688,1.3267256021499634,,,,,575,DROGUE DESC
1984.0750732421875,,,,,-0.30035436153411865,-165.97564697265625,1.327864408493042,,,,,575,DROGUE DESC
1974.3643798828125,,,,,-0.2982400357723236,-166.04864501953125,1.326858639717102,,,,,575,DROGUE DESC
1957.6700439453125,,,,,-0.2963140606880188,-166.18272399902344,1.3262701034545898,,,,,575,DROGUE DESC
1944.6568603515625,,,,,-0.2933385968208313,-166.33680725097656,1.327873945236206,,,,,575,DROGUE DESC
1930.6219482421875,,,,,-0.293235182762146,-166.45936584472656,1.329193115234375,,,,,575,DROGUE DESC
1919.9749755859375,,,,,-0.29256129264831543,-166.52394104003906,1.3308576345443726,,,,,575,DROGUE DESC
1906.4287109375,,,,,-0.2918691635131836,-166.53228759765625,1.3302687406539917,,,,,575,DROGUE DESC
1890.22412109375,,,,,-0.29108524322509766,-166.51788330078125,1.3303861618041992,,,,,575,DROGUE DESC
1873.783203125,,,,,-0.28778311610221863,-166.52264404296875,1.3294343948364258,,,,,575,DROGUE DESC
1860.4996337890625,,,,,-0.288474977016449,-166.57403564453125,1.3284664154052734,,,,,575,DROGUE DESC
1845.8731689453125,,,,,-0.2893504798412323,-166.67520141601562,1.3267110586166382,,,,,575,DROGUE DESC
1831.22021484375,,,,,-0.287906676530838,-166.79273986816406,1.3265146017074585,,,,,575,DROGUE DESC
1817.7930908203125,,,,,-0.2873188257217407,-166.89169311523438,1.3269929885864258,,,,,575,DROGUE DESC
1803.3265380859375,,,,,-0.28662699460983276,-166.9503936767578,1.323935627937317,,,,,575,DROGUE DESC
1792.817626953125,,,,,-0.28807133436203003,-166.96705627441406,1.3237862586975098,,,,,575,DROGUE DESC
1777.061767578125,,,,,-0.288388192653656,-166.9700927734375,1.326009750366211,,,,,575,DROGUE DESC
1762.2568359375,,,,,-0.29074153304100037,-166.9936065673828,1.3258178234100342,,,,,575,DROGUE DESC
1748.4415283203125,,,,,-0.29054155945777893,-167.04905700683594,1.3273600339889526,,,,,575,DROGUE DESC
1737.85595703125,,,,,-0.29190555214881897,-167.13113403320312,1.3295398950576782,,,,,575,DROGUE DESC
1723.4561767578125,,,,,-0.29080185294151306,-167.223388671875,1.330057978630066,,,,,575,DROGUE DESC
1709.38916015625,,,,,-0.29146090149879456,-167.29393005371094,1.3298500776290894,,,,,575,DROGUE DESC
1692.591064453125,,,,,-0.2915882170200348,-167.33135986328125,1.3336540460586548,,,,,575,DROGUE DESC
1675.42822265625,,,,,-0.29198527336120605,-167.35154724121094,1.3331056833267212,,,,,575,DROGUE DESC
1661.6671142578125,,,,,-0.2919175624847412,-167.37289428710938,1.3323795795440674,,,,,575,DROGUE DESC
1644.86669921875,,,,,-0.29390543699264526,-167.41183471679688,1.3315216302871704,,,,,575,DROGUE DESC
1626.7421875,,,,,-0.2922810912132263,-167.4776153564453,1.3321880102157593,,,,,575,DROGUE DESC
1610.2744140625,,,,,-0.291022390127182,-167.5556640625,1.3311982154846191,,,,,575,DROGUE DESC
1597.867431640625,,,,,-0.2912122309207916,-167.61924743652344,1.3325577974319458,,,,,575,DROGUE DESC
1581.7525634765625,,,,,-0.29021525382995605,-167.6634521484375,1.3318995237350464,,,,,575,DROGUE DESC
1566.7188720703125,,,,,-0.2889103293418884,-167.69100952148438,1.333418846130371,,,,,575,DROGUE DESC
1549.97021484375,,,,,-0.2896641194820404,-167.712890625,1.3331612348556519,,,,,575,DROGUE DESC
1530.150146484375,,,,,-0.29005706310272217,-167.7487335205078,1.332533597946167,,,,,575,DROGUE DESC
1517.3743896484375,,,,,-0.2909966707229614,-167.80551147460938,1.3303014039993286,,,,,575,DROGUE DESC
1503.6070556640625,,,,,-0.2908981144428253,-167.8705596923828,1.332492709159851,,,,,575,DROGUE DESC
1490.318115234375,,,,,-0.29024645686149597,-167.9248809814453,1.330662488937378,,,,,575,DROGUE DESC
1476.8876953125,,,,,-0.2885507345199585,-167.96676635742188,1.332437515258789,,,,,575,DROGUE DESC
1457.0130615234375,,,,,-0.28850361704826355,-167.99569702148438,1.3334603309631348,,,,,575,DROGUE DESC
1438.5047607421875,,,,,-0.2892756462097168,-168.02468872070312,1.3329960107803345,,,,,575,DROGUE DESC
1425.0257568359375,,,,,-0.287645161151886,-168.06178283691406,1.332432746887207,,,,,575,DROGUE DESC
1408.749755859375,,,,,-0.2871561050415039,-168.11209106445312,1.33426034450531,,,,,575,DROGUE DESC
1393.8843994140625,,,,,-0.28493550419807434,-168.1641845703125,1.3347783088684082,,,,,575,DROGUE DESC
1377.544921875,,,,,-0.2813152074813843,-168.2113800048828,1.3350557088851929,,,,,575,DROGUE DESC
1360.4293212890625,,,,,-0.2814193069934845,-168.24581909179688,1.3310304880142212,,,,,575,DROGUE DESC
1349.1463623046875,,,,,-0.27944445610046387,-168.27659606933594,1.3312424421310425,,,,,575,DROGUE DESC
1329.697021484375,,,,,-0.27978649735450745,-168.3086700439453,1.3305811882019043,,,,,575,DROGUE DESC
1307.805419921875,,,,,-0.27931782603263855,-168.34730529785156,1.3321800231933594,,,,,575,DROGUE DESC
1290.87060546875,,,,,-0.28068238496780396,-168.3934783935547,1.3316819667816162,,,,,575,DROGUE DESC
1274.9334716796875,,,,,-0.2800524830818176,-168.43812561035156,1.3305052518844604,,,,,575,DROGUE DESC
1254.5367431640625,,,,,-0.28111323714256287,-168.47735595703125,1.3306208848953247,,,,,575,DROGUE DESC
1238.953125,,,,,-0.28053128719329834,-168.5060577392578,1.3308062553405762,,,,,575,DROGUE DESC
1220.3345947265625,,,,,-0.2778662145137787,-168.53524780273438,1.3303923606872559,,,,,575,DROGUE DESC
1198.67333984375,,,,,-0.27508458495140076,-168.57235717773438,1.329195499420166,,,,,575,DROGUE DESC
1180.56787109375,,,,,-0.2752748131752014,-168.61363220214844,1.3316155672073364,,,,,575,DROGUE DESC
1162.7176513671875,,,,,-0.2743101418018341,-168.65318298339844,1.3296881914138794,,,,,575,DROGUE DESC
1148.9224853515625,,,,,-0.27280503511428833,-168.69049072265625,1.3300790786743164,,,,,575,DROGUE DESC
1132.6033935546875,,,,,-0.2705557346343994,-168.71951293945312,1.3282710313796997,,,,,575,DROGUE DESC
1116.1834716796875,,,,,-0.2698218524456024,-168.74903869628906,1.32966148853302,,,,,575,DROGUE DESC
1104.0704345703125,,,,,-0.2706155776977539,-168.7827911376953,1.3314428329467773,,,,,575,DROGUE DESC
1087.2236328125,,,,,-0.26833996176719666,-168.8225860595703,1.3305909633636475,,,,,575,DROGUE DESC
1070.155029296875,,,,,-0.26881712675094604,-168.85910034179688,1.3309204578399658,,,,,575,DROGUE DESC
1056.349365234375,,,,,-0.26870083808898926,-168.89340209960938,1.3321104049682617,,,,,575,DROGUE DESC
1039.083251953125,,,,,-0.26855507493019104,-168.9246826171875,1.3331233263015747,,,,,575,DROGUE DESC
1022.245849609375,,,,,-0.2703583538532257,-168.95455932617188,1.3325834274291992,,,,,575,DROGUE DESC
1001.7063598632812,,,,,-0.27096855640411377,-168.9881591796875,1.3339580297470093,,,,,575,DROGUE DESC
985.3150634765625,,,,,-0.26949796080589294,-169.02259826660156,1.3362606763839722,,,,,575,DROGUE DESC
966.5794067382812,,,,,-0.2707076668739319,-169.05873107910156,1.3365134000778198,,,,,575,DROGUE DESC
946.8675537109375,,,,,-0.2719956636428833,-169.0917510986328,1.3367900848388672,,,,,575,DROGUE DESC
928.6903686523438,,,,,-0.27262720465660095,-169.1218719482422,1.3358170986175537,,,,,575,DROGUE DESC
909.5007934570312,,,,,-0.27496787905693054,-169.15097045898438,1.337077260017395,,,,,575,DROGUE DESC
890.7213745117188,,,,,-0.27455273270606995,-169.18394470214844,1.3370742797851562,,,,,575,DROGUE DESC
867.7993774414062,,,,,-0.27584996819496155,-169.2172088623047,1.3377091884613037,,,,,575,DROGUE DESC
848.6481323242188,,,,,-0.2772355079650879,-169.24830627441406,1.3368244171142578,,,,,575,DROGUE DESC
833.8312377929688,,,,,-0.28039446473121643,-169.27377319335938,1.3399014472961426,,,,,575,DROGUE DESC
815.5191040039062,,,,,-0.2796289622783661,-169.30320739746094,1.3403419256210327,,,,,575,DROGUE DESC
796.161376953125,,,,,-0.2809927463531494,-169.33172607421875,1.3394585847854614,,,,,575,DROGUE DESC
777.5575561523438,,,,,-0.28175848722457886,-169.36317443847656,1.341004729270935,,,,,575,DROGUE DESC
759.0479125976562,,,,,-0.2815747857093811,-169.3950653076172,1.340256929397583,,,,,575,DROGUE DESC
738.0138549804688,,,,,-0.2846681475639343,-169.42440795898438,1.3417433500289917,,,,,575,DROGUE DESC
716.628662109375,,,,,-0.2826898992061615,-169.45310974121094,1.3407171964645386,,,,,575,DROGUE DESC
696.4126586914062,,,,,-0.2845838665962219,-169.48150634765625,1.339285969734192,,,,,575,DROGUE DESC
676.9960327148438,,,,,-0.2821750044822693,-169.51258850097656,1.33871591091156,,,,,575,DROGUE DESC
658.919189453125,,,,,-0.2804735600948334,-169.5399169921875,1.3399757146835327,,,,,575,DROGUE DESC
642.901123046875,,,,,-0.2810131013393402,-169.5677032470703,1.3407775163650513,,,,,575,DROGUE DESC
623.3494873046875,,,,,-0.2799132466316223,-169.5939483642578,1.3393105268478394,,,,,575,DROGUE DESC
603.70654296875,,,,,-0.2809283435344696,-169.62220764160156,1.3381578922271729,,,,,575,DROGUE DESC
587.174560546875,,,,,-0.2822502553462982,-169.6520538330078,1.3386180400848389,,,,,575,DROGUE DESC
569.2979125976562,,,,,-0.2820720970630646,-169.67918395996094,1.3388944864273071,,,,,575,DROGUE DESC
552.6839599609375,,,,,-0.2792450487613678,-169.7031707763672,1.337105393409729,,,,,575,DROGUE DESC
529.7157592773438,,,,,-0.27887749671936035,-169.7276611328125,1.3366929292678833,,,,,575,DROGUE DESC
511.4425964355469,,,,,-0.27924853563308716,-169.75454711914062,1.3341244459152222,,,,,575,DROGUE DESC
489.62835693359375,,,,,-0.2814546525478363,-169.7848358154297,1.3346240520477295,,,,,575,DROGUE DESC
474.77703857421875,,,,,-0.28138023614883423,-169.8103790283203,1.3357293605804443,,,,,575,DROGUE DESC
457.1971435546875,,,,,-0.2821587324142456,-169.83609008789062,1.3354703187942505,,,,,575,DROGUE DESC
437.4863586425781,,,,,-0.283346027135849,-169.85850524902344,1.3339093923568726,,,,,575,DROGUE DESC
417.5241394042969,,,,,-0.28369054198265076,-169.88511657714844,1.3349597454071045,,,,,575,DROGUE DESC
397.5328369140625,,,,,-0.2839623987674713,-169.9116973876953,1.334861159324646,,,,,575,DROGUE DESC
380.6788635253906,,,,,-0.2841011583805084,-169.9390869140625,1.334031105041504,,,,,575,DROGUE DESC
362.4120788574219,,,,,-0.28524065017700195,-169.96507263183594,1.3328685760498047,,,,,575,DROGUE DESC
341.1802978515625,,,,,-0.28618159890174866,-169.9890594482422,1.333381175994873,,,,,575,DROGUE DESC
320.6282043457031,,,,,-0.2887985408306122,-170.01104736328125,1.3306801319122314,,,,,575,DROGUE DESC
302.901611328125,,,,,-0.2881488800048828,-170.03836059570312,1.3323062658309937,,,,,575,DROGUE DESC
280.2712097167969,,,,,-0.28800010681152344,-170.0650634765625,1.335399866104126,,,,,639,DROGUE DESC
259.4040832519531,,,,,-0.28764984011650085,-170.08848571777344,1.334620714187622,,,,,767,MAIN DESC
241.50006103515625,,,,,-0.28550830483436584,-170.1107177734375,1.3368241786956787,,,,,767,MAIN DESC
216.7969207763672,,,,,-0.28800126910209656,-170.13394165039062,1.3375085592269897,,,,,767,MAIN DESC
196.9849395751953,,,,,-0.28807365894317627,-170.15721130371094,1.333970546722412,,,,,767,MAIN DESC
178.7388153076172,,,,,-0.2875705063343048,-170.18174743652344,1.3334543704986572,,,,,767,MAIN DESC
157.21710205078125,,,,,-0.28681373596191406,-170.20553588867188,1.3340046405792236,,,,,767,MAIN DESC
139.3792724609375,,,,,-0.29171931743621826,-170.22776794433594,1.334177851676941,,,,,767,MAIN DESC
121.89007568359375,,,,,-0.2920660972595215,-170.24899291992188,1.334242343902588,,,,,767,MAIN DESC
102.26510620117188,,,,,-0.29063424468040466,-170.26890563964844,1.3333357572555542,,,,,767,MAIN DESC
80.26214599609375,,,,,-0.29178276658058167,-170.2919921875,1.330404281616211,,,,,767,MAIN DESC
59.24787902832031,,,,,-0.29155534505844116,-170.3162841796875,1.330304741859436,,,,,767,MAIN DESC
38.967674255371094,,,,,-0.2917475700378418,-170.33685302734375,1.330427885055542,,,,,767,MAIN DESC
17.243532180786133,,,,,-0.2914814352989197,-170.35626220703125,1.3314454555511475,,,,,767,MAIN DESC
3.790607213973999,,,,,-0.2928793132305145,-170.36874389648438,1.3317575454711914,,,,,767,MAIN DESC
